Copyright 1986-2022 Xilinx, Inc. All Rights Reserved. Copyright 2022-2025 Advanced Micro Devices, Inc. All Rights Reserved.
------------------------------------------------------------------------------------------------------------------------------------------------------------------------------------------------------------------------------------------
| Tool Version : Vivado v.2025.2 (win64) Build 6299465 Fri Nov 14 19:35:11 GMT 2025
| Date         : Mon Jul  6 11:36:38 2026
| Host         : BATCOM running 64-bit major release  (build 9200)
| Command      : report_timing_summary -max_paths 10 -routable_nets -report_unconstrained -file TOP_MODULE_timing_summary_routed.rpt -pb TOP_MODULE_timing_summary_routed.pb -rpx TOP_MODULE_timing_summary_routed.rpx -warn_on_violation
| Design       : TOP_MODULE
| Device       : 7s15-ftgb196
| Speed File   : -2  PRODUCTION 1.23 2018-06-13
| Design State : Routed
------------------------------------------------------------------------------------------------------------------------------------------------------------------------------------------------------------------------------------------

Timing Summary Report

------------------------------------------------------------------------------------------------
| Timer Settings
| --------------
------------------------------------------------------------------------------------------------

  Enable Multi Corner Analysis               :  Yes
  Enable Pessimism Removal                   :  Yes
  Pessimism Removal Resolution               :  Nearest Common Node
  Enable Input Delay Default Clock           :  No
  Enable Preset / Clear Arcs                 :  No
  Disable Flight Delays                      :  No
  Ignore I/O Paths                           :  No
  Timing Early Launch at Borrowing Latches   :  No
  Borrow Time for Max Delay Exceptions       :  Yes
  Merge Timing Exceptions                    :  Yes
  Inter-SLR Compensation                     :  Conservative

  Corner  Analyze    Analyze    
  Name    Max Paths  Min Paths  
  ------  ---------  ---------  
  Slow    Yes        Yes        
  Fast    Yes        Yes        


------------------------------------------------------------------------------------------------
| Report Methodology
| ------------------
------------------------------------------------------------------------------------------------

Rule       Severity  Description                                 Violations  
---------  --------  ------------------------------------------  ----------  
SYNTH-6    Warning   Timing of a RAM block might be sub-optimal  1           
TIMING-18  Warning   Missing input or output delay               7           

Note: This report is based on the most recent report_methodology run and may not be up-to-date. Run report_methodology on the current design for the latest report.



check_timing report

Table of Contents
-----------------
1. checking no_clock (0)
2. checking constant_clock (0)
3. checking pulse_width_clock (0)
4. checking unconstrained_internal_endpoints (0)
5. checking no_input_delay (4)
6. checking no_output_delay (3)
7. checking multiple_clock (0)
8. checking generated_clocks (0)
9. checking loops (0)
10. checking partial_input_delay (0)
11. checking partial_output_delay (0)
12. checking latch_loops (0)

1. checking no_clock (0)
------------------------
 There are 0 register/latch pins with no clock.


2. checking constant_clock (0)
------------------------------
 There are 0 register/latch pins with constant_clock.


3. checking pulse_width_clock (0)
---------------------------------
 There are 0 register/latch pins which need pulse_width check


4. checking unconstrained_internal_endpoints (0)
------------------------------------------------
 There are 0 pins that are not constrained for maximum delay.

 There are 0 pins that are not constrained for maximum delay due to constant clock.


5. checking no_input_delay (4)
------------------------------
 There are 4 input ports with no input delay specified. (HIGH)

 There are 0 input ports with no input delay but user has a false path constraint.


6. checking no_output_delay (3)
-------------------------------
 There are 3 ports with no output delay specified. (HIGH)

 There are 0 ports with no output delay but user has a false path constraint

 There are 0 ports with no output delay but with a timing clock defined on it or propagating through it


7. checking multiple_clock (0)
------------------------------
 There are 0 register/latch pins with multiple clocks.


8. checking generated_clocks (0)
--------------------------------
 There are 0 generated clocks that are not connected to a clock source.


9. checking loops (0)
---------------------
 There are 0 combinational loops in the design.


10. checking partial_input_delay (0)
------------------------------------
 There are 0 input ports with partial input delay specified.


11. checking partial_output_delay (0)
-------------------------------------
 There are 0 ports with partial output delay specified.


12. checking latch_loops (0)
----------------------------
 There are 0 combinational latch loops in the design through latch input



------------------------------------------------------------------------------------------------
| Design Timing Summary
| ---------------------
------------------------------------------------------------------------------------------------

    WNS(ns)      TNS(ns)  TNS Failing Endpoints  TNS Total Endpoints      WHS(ns)      THS(ns)  THS Failing Endpoints  THS Total Endpoints     WPWS(ns)     TPWS(ns)  TPWS Failing Endpoints  TPWS Total Endpoints  
    -------      -------  ---------------------  -------------------      -------      -------  ---------------------  -------------------     --------     --------  ----------------------  --------------------  
      6.725        0.000                      0                  266        0.063        0.000                      0                  266        4.500        0.000                       0                   123  


All user specified timing constraints are met.


------------------------------------------------------------------------------------------------
| Clock Summary
| -------------
------------------------------------------------------------------------------------------------

Clock    Waveform(ns)       Period(ns)      Frequency(MHz)
-----    ------------       ----------      --------------
clk_100  {0.000 5.000}      10.000          100.000         


------------------------------------------------------------------------------------------------
| Intra Clock Table
| -----------------
------------------------------------------------------------------------------------------------

Clock             WNS(ns)      TNS(ns)  TNS Failing Endpoints  TNS Total Endpoints      WHS(ns)      THS(ns)  THS Failing Endpoints  THS Total Endpoints     WPWS(ns)     TPWS(ns)  TPWS Failing Endpoints  TPWS Total Endpoints  
-----             -------      -------  ---------------------  -------------------      -------      -------  ---------------------  -------------------     --------     --------  ----------------------  --------------------  
clk_100             6.725        0.000                      0                  266        0.063        0.000                      0                  266        4.500        0.000                       0                   123  


------------------------------------------------------------------------------------------------
| Inter Clock Table
| -----------------
------------------------------------------------------------------------------------------------

From Clock    To Clock          WNS(ns)      TNS(ns)  TNS Failing Endpoints  TNS Total Endpoints      WHS(ns)      THS(ns)  THS Failing Endpoints  THS Total Endpoints  
----------    --------          -------      -------  ---------------------  -------------------      -------      -------  ---------------------  -------------------  


------------------------------------------------------------------------------------------------
| Other Path Groups Table
| -----------------------
------------------------------------------------------------------------------------------------

Path Group    From Clock    To Clock          WNS(ns)      TNS(ns)  TNS Failing Endpoints  TNS Total Endpoints      WHS(ns)      THS(ns)  THS Failing Endpoints  THS Total Endpoints  
----------    ----------    --------          -------      -------  ---------------------  -------------------      -------      -------  ---------------------  -------------------  


------------------------------------------------------------------------------------------------
| User Ignored Path Table
| -----------------------
------------------------------------------------------------------------------------------------

Path Group    From Clock    To Clock    
----------    ----------    --------    


------------------------------------------------------------------------------------------------
| Unconstrained Path Table
| ------------------------
------------------------------------------------------------------------------------------------

Path Group    From Clock    To Clock    
----------    ----------    --------    
(none)                                    
(none)        clk_100                     
(none)                      clk_100       


------------------------------------------------------------------------------------------------
| Timing Details
| --------------
------------------------------------------------------------------------------------------------


---------------------------------------------------------------------------------------------------
From Clock:  clk_100
  To Clock:  clk_100

Setup :            0  Failing Endpoints,  Worst Slack        6.725ns,  Total Violation        0.000ns
Hold  :            0  Failing Endpoints,  Worst Slack        0.063ns,  Total Violation        0.000ns
PW    :            0  Failing Endpoints,  Worst Slack        4.500ns,  Total Violation        0.000ns
---------------------------------------------------------------------------------------------------


Max Delay Paths
--------------------------------------------------------------------------------------
Slack (MET) :             6.725ns  (required time - arrival time)
  Source:                 DUT/DUT_02/DUT/bram_block_reg/CLKARDCLK
                            (rising edge-triggered cell RAMB18E1 clocked by clk_100  {rise@0.000ns fall@5.000ns period=10.000ns})
  Destination:            MIDDLEWARE/FIFO_DOUT_reg[13]/D
                            (rising edge-triggered cell FDRE clocked by clk_100  {rise@0.000ns fall@5.000ns period=10.000ns})
  Path Group:             clk_100
  Path Type:              Setup (Max at Slow Process Corner)
  Requirement:            10.000ns  (clk_100 rise@10.000ns - clk_100 rise@0.000ns)
  Data Path Delay:        3.189ns  (logic 2.230ns (69.926%)  route 0.959ns (30.074%))
  Logic Levels:           1  (LUT6=1)
  Clock Path Skew:        -0.083ns (DCD - SCD + CPR)
    Destination Clock Delay (DCD):    4.182ns = ( 14.182 - 10.000 ) 
    Source Clock Delay      (SCD):    4.489ns
    Clock Pessimism Removal (CPR):    0.224ns
  Clock Uncertainty:      0.035ns  ((TSJ^2 + TIJ^2)^1/2 + DJ) / 2 + PE
    Total System Jitter     (TSJ):    0.071ns
    Total Input Jitter      (TIJ):    0.000ns
    Discrete Jitter          (DJ):    0.000ns
    Phase Error              (PE):    0.000ns

    Location             Delay type                Incr(ns)  Path(ns)    Netlist Resource(s)
  -------------------------------------------------------------------    -------------------
                         (clock clk_100 rise edge)    0.000     0.000 r  
    H11                                               0.000     0.000 r  CLK_SYS (IN)
                         net (fo=0)                   0.000     0.000    CLK_SYS
    H11                  IBUF (Prop_ibuf_I_O)         1.369     1.369 r  CLK_SYS_IBUF_inst/O
                         net (fo=1, routed)           1.630     2.999    CLK_SYS_IBUF
    BUFGCTRL_X0Y0        BUFG (Prop_bufg_I_O)         0.081     3.080 r  CLK_SYS_IBUF_BUFG_inst/O
                         net (fo=122, routed)         1.409     4.489    DUT/DUT_02/DUT/CLK
    RAMB18_X0Y0          RAMB18E1                                     r  DUT/DUT_02/DUT/bram_block_reg/CLKARDCLK
  -------------------------------------------------------------------    -------------------
    RAMB18_X0Y0          RAMB18E1 (Prop_ramb18e1_CLKARDCLK_DOADO[13])
                                                      2.125     6.614 r  DUT/DUT_02/DUT/bram_block_reg/DOADO[13]
                         net (fo=1, routed)           0.959     7.573    SPI_MOD/DOADO[7]
    SLICE_X29Y0          LUT6 (Prop_lut6_I1_O)        0.105     7.678 r  SPI_MOD/FIFO_DOUT[13]_i_1/O
                         net (fo=1, routed)           0.000     7.678    MIDDLEWARE/FIFO_DOUT_reg[23]_1[12]
    SLICE_X29Y0          FDRE                                         r  MIDDLEWARE/FIFO_DOUT_reg[13]/D
  -------------------------------------------------------------------    -------------------

                         (clock clk_100 rise edge)   10.000    10.000 r  
    H11                                               0.000    10.000 r  CLK_SYS (IN)
                         net (fo=0)                   0.000    10.000    CLK_SYS
    H11                  IBUF (Prop_ibuf_I_O)         1.303    11.303 r  CLK_SYS_IBUF_inst/O
                         net (fo=1, routed)           1.541    12.844    CLK_SYS_IBUF
    BUFGCTRL_X0Y0        BUFG (Prop_bufg_I_O)         0.077    12.921 r  CLK_SYS_IBUF_BUFG_inst/O
                         net (fo=122, routed)         1.261    14.182    MIDDLEWARE/CLK
    SLICE_X29Y0          FDRE                                         r  MIDDLEWARE/FIFO_DOUT_reg[13]/C
                         clock pessimism              0.224    14.406    
                         clock uncertainty           -0.035    14.371    
    SLICE_X29Y0          FDRE (Setup_fdre_C_D)        0.032    14.403    MIDDLEWARE/FIFO_DOUT_reg[13]
  -------------------------------------------------------------------
                         required time                         14.403    
                         arrival time                          -7.678    
  -------------------------------------------------------------------
                         slack                                  6.725    

Slack (MET) :             6.823ns  (required time - arrival time)
  Source:                 DUT/DUT_02/DUT/bram_block_reg/CLKARDCLK
                            (rising edge-triggered cell RAMB18E1 clocked by clk_100  {rise@0.000ns fall@5.000ns period=10.000ns})
  Destination:            MIDDLEWARE/FIFO_DOUT_reg[6]/D
                            (rising edge-triggered cell FDRE clocked by clk_100  {rise@0.000ns fall@5.000ns period=10.000ns})
  Path Group:             clk_100
  Path Type:              Setup (Max at Slow Process Corner)
  Requirement:            10.000ns  (clk_100 rise@10.000ns - clk_100 rise@0.000ns)
  Data Path Delay:        3.107ns  (logic 2.230ns (71.764%)  route 0.877ns (28.236%))
  Logic Levels:           1  (LUT6=1)
  Clock Path Skew:        -0.067ns (DCD - SCD + CPR)
    Destination Clock Delay (DCD):    4.182ns = ( 14.182 - 10.000 ) 
    Source Clock Delay      (SCD):    4.489ns
    Clock Pessimism Removal (CPR):    0.240ns
  Clock Uncertainty:      0.035ns  ((TSJ^2 + TIJ^2)^1/2 + DJ) / 2 + PE
    Total System Jitter     (TSJ):    0.071ns
    Total Input Jitter      (TIJ):    0.000ns
    Discrete Jitter          (DJ):    0.000ns
    Phase Error              (PE):    0.000ns

    Location             Delay type                Incr(ns)  Path(ns)    Netlist Resource(s)
  -------------------------------------------------------------------    -------------------
                         (clock clk_100 rise edge)    0.000     0.000 r  
    H11                                               0.000     0.000 r  CLK_SYS (IN)
                         net (fo=0)                   0.000     0.000    CLK_SYS
    H11                  IBUF (Prop_ibuf_I_O)         1.369     1.369 r  CLK_SYS_IBUF_inst/O
                         net (fo=1, routed)           1.630     2.999    CLK_SYS_IBUF
    BUFGCTRL_X0Y0        BUFG (Prop_bufg_I_O)         0.081     3.080 r  CLK_SYS_IBUF_BUFG_inst/O
                         net (fo=122, routed)         1.409     4.489    DUT/DUT_02/DUT/CLK
    RAMB18_X0Y0          RAMB18E1                                     r  DUT/DUT_02/DUT/bram_block_reg/CLKARDCLK
  -------------------------------------------------------------------    -------------------
    RAMB18_X0Y0          RAMB18E1 (Prop_ramb18e1_CLKARDCLK_DOADO[6])
                                                      2.125     6.614 r  DUT/DUT_02/DUT/bram_block_reg/DOADO[6]
                         net (fo=1, routed)           0.877     7.491    DUT/DUT_02/DUT/dout[2]_0[6]
    SLICE_X31Y2          LUT6 (Prop_lut6_I0_O)        0.105     7.596 r  DUT/DUT_02/DUT/FIFO_DOUT[6]_i_1/O
                         net (fo=1, routed)           0.000     7.596    MIDDLEWARE/FIFO_DOUT_reg[23]_1[5]
    SLICE_X31Y2          FDRE                                         r  MIDDLEWARE/FIFO_DOUT_reg[6]/D
  -------------------------------------------------------------------    -------------------

                         (clock clk_100 rise edge)   10.000    10.000 r  
    H11                                               0.000    10.000 r  CLK_SYS (IN)
                         net (fo=0)                   0.000    10.000    CLK_SYS
    H11                  IBUF (Prop_ibuf_I_O)         1.303    11.303 r  CLK_SYS_IBUF_inst/O
                         net (fo=1, routed)           1.541    12.844    CLK_SYS_IBUF
    BUFGCTRL_X0Y0        BUFG (Prop_bufg_I_O)         0.077    12.921 r  CLK_SYS_IBUF_BUFG_inst/O
                         net (fo=122, routed)         1.261    14.182    MIDDLEWARE/CLK
    SLICE_X31Y2          FDRE                                         r  MIDDLEWARE/FIFO_DOUT_reg[6]/C
                         clock pessimism              0.240    14.422    
                         clock uncertainty           -0.035    14.387    
    SLICE_X31Y2          FDRE (Setup_fdre_C_D)        0.032    14.419    MIDDLEWARE/FIFO_DOUT_reg[6]
  -------------------------------------------------------------------
                         required time                         14.419    
                         arrival time                          -7.596    
  -------------------------------------------------------------------
                         slack                                  6.823    

Slack (MET) :             6.875ns  (required time - arrival time)
  Source:                 DUT/DUT_02/DUT/bram_block_reg/CLKARDCLK
                            (rising edge-triggered cell RAMB18E1 clocked by clk_100  {rise@0.000ns fall@5.000ns period=10.000ns})
  Destination:            MIDDLEWARE/FIFO_DOUT_reg[8]/D
                            (rising edge-triggered cell FDRE clocked by clk_100  {rise@0.000ns fall@5.000ns period=10.000ns})
  Path Group:             clk_100
  Path Type:              Setup (Max at Slow Process Corner)
  Requirement:            10.000ns  (clk_100 rise@10.000ns - clk_100 rise@0.000ns)
  Data Path Delay:        3.053ns  (logic 2.230ns (73.046%)  route 0.823ns (26.954%))
  Logic Levels:           1  (LUT5=1)
  Clock Path Skew:        -0.067ns (DCD - SCD + CPR)
    Destination Clock Delay (DCD):    4.182ns = ( 14.182 - 10.000 ) 
    Source Clock Delay      (SCD):    4.489ns
    Clock Pessimism Removal (CPR):    0.240ns
  Clock Uncertainty:      0.035ns  ((TSJ^2 + TIJ^2)^1/2 + DJ) / 2 + PE
    Total System Jitter     (TSJ):    0.071ns
    Total Input Jitter      (TIJ):    0.000ns
    Discrete Jitter          (DJ):    0.000ns
    Phase Error              (PE):    0.000ns

    Location             Delay type                Incr(ns)  Path(ns)    Netlist Resource(s)
  -------------------------------------------------------------------    -------------------
                         (clock clk_100 rise edge)    0.000     0.000 r  
    H11                                               0.000     0.000 r  CLK_SYS (IN)
                         net (fo=0)                   0.000     0.000    CLK_SYS
    H11                  IBUF (Prop_ibuf_I_O)         1.369     1.369 r  CLK_SYS_IBUF_inst/O
                         net (fo=1, routed)           1.630     2.999    CLK_SYS_IBUF
    BUFGCTRL_X0Y0        BUFG (Prop_bufg_I_O)         0.081     3.080 r  CLK_SYS_IBUF_BUFG_inst/O
                         net (fo=122, routed)         1.409     4.489    DUT/DUT_02/DUT/CLK
    RAMB18_X0Y0          RAMB18E1                                     r  DUT/DUT_02/DUT/bram_block_reg/CLKARDCLK
  -------------------------------------------------------------------    -------------------
    RAMB18_X0Y0          RAMB18E1 (Prop_ramb18e1_CLKARDCLK_DOADO[8])
                                                      2.125     6.614 r  DUT/DUT_02/DUT/bram_block_reg/DOADO[8]
                         net (fo=1, routed)           0.823     7.437    DUT/DUT_02/DUT/dout[2]_0[8]
    SLICE_X31Y0          LUT5 (Prop_lut5_I0_O)        0.105     7.542 r  DUT/DUT_02/DUT/FIFO_DOUT[8]_i_1/O
                         net (fo=1, routed)           0.000     7.542    MIDDLEWARE/FIFO_DOUT_reg[23]_1[7]
    SLICE_X31Y0          FDRE                                         r  MIDDLEWARE/FIFO_DOUT_reg[8]/D
  -------------------------------------------------------------------    -------------------

                         (clock clk_100 rise edge)   10.000    10.000 r  
    H11                                               0.000    10.000 r  CLK_SYS (IN)
                         net (fo=0)                   0.000    10.000    CLK_SYS
    H11                  IBUF (Prop_ibuf_I_O)         1.303    11.303 r  CLK_SYS_IBUF_inst/O
                         net (fo=1, routed)           1.541    12.844    CLK_SYS_IBUF
    BUFGCTRL_X0Y0        BUFG (Prop_bufg_I_O)         0.077    12.921 r  CLK_SYS_IBUF_BUFG_inst/O
                         net (fo=122, routed)         1.261    14.182    MIDDLEWARE/CLK
    SLICE_X31Y0          FDRE                                         r  MIDDLEWARE/FIFO_DOUT_reg[8]/C
                         clock pessimism              0.240    14.422    
                         clock uncertainty           -0.035    14.387    
    SLICE_X31Y0          FDRE (Setup_fdre_C_D)        0.030    14.417    MIDDLEWARE/FIFO_DOUT_reg[8]
  -------------------------------------------------------------------
                         required time                         14.417    
                         arrival time                          -7.542    
  -------------------------------------------------------------------
                         slack                                  6.875    

Slack (MET) :             6.883ns  (required time - arrival time)
  Source:                 DUT/DUT_02/DUT/bram_block_reg/CLKARDCLK
                            (rising edge-triggered cell RAMB18E1 clocked by clk_100  {rise@0.000ns fall@5.000ns period=10.000ns})
  Destination:            MIDDLEWARE/FIFO_DOUT_reg[14]/D
                            (rising edge-triggered cell FDRE clocked by clk_100  {rise@0.000ns fall@5.000ns period=10.000ns})
  Path Group:             clk_100
  Path Type:              Setup (Max at Slow Process Corner)
  Requirement:            10.000ns  (clk_100 rise@10.000ns - clk_100 rise@0.000ns)
  Data Path Delay:        3.031ns  (logic 2.230ns (73.573%)  route 0.801ns (26.427%))
  Logic Levels:           1  (LUT6=1)
  Clock Path Skew:        -0.083ns (DCD - SCD + CPR)
    Destination Clock Delay (DCD):    4.182ns = ( 14.182 - 10.000 ) 
    Source Clock Delay      (SCD):    4.489ns
    Clock Pessimism Removal (CPR):    0.224ns
  Clock Uncertainty:      0.035ns  ((TSJ^2 + TIJ^2)^1/2 + DJ) / 2 + PE
    Total System Jitter     (TSJ):    0.071ns
    Total Input Jitter      (TIJ):    0.000ns
    Discrete Jitter          (DJ):    0.000ns
    Phase Error              (PE):    0.000ns

    Location             Delay type                Incr(ns)  Path(ns)    Netlist Resource(s)
  -------------------------------------------------------------------    -------------------
                         (clock clk_100 rise edge)    0.000     0.000 r  
    H11                                               0.000     0.000 r  CLK_SYS (IN)
                         net (fo=0)                   0.000     0.000    CLK_SYS
    H11                  IBUF (Prop_ibuf_I_O)         1.369     1.369 r  CLK_SYS_IBUF_inst/O
                         net (fo=1, routed)           1.630     2.999    CLK_SYS_IBUF
    BUFGCTRL_X0Y0        BUFG (Prop_bufg_I_O)         0.081     3.080 r  CLK_SYS_IBUF_BUFG_inst/O
                         net (fo=122, routed)         1.409     4.489    DUT/DUT_02/DUT/CLK
    RAMB18_X0Y0          RAMB18E1                                     r  DUT/DUT_02/DUT/bram_block_reg/CLKARDCLK
  -------------------------------------------------------------------    -------------------
    RAMB18_X0Y0          RAMB18E1 (Prop_ramb18e1_CLKARDCLK_DOADO[14])
                                                      2.125     6.614 r  DUT/DUT_02/DUT/bram_block_reg/DOADO[14]
                         net (fo=1, routed)           0.801     7.415    SPI_MOD/DOADO[8]
    SLICE_X29Y0          LUT6 (Prop_lut6_I1_O)        0.105     7.520 r  SPI_MOD/FIFO_DOUT[14]_i_1/O
                         net (fo=1, routed)           0.000     7.520    MIDDLEWARE/FIFO_DOUT_reg[23]_1[13]
    SLICE_X29Y0          FDRE                                         r  MIDDLEWARE/FIFO_DOUT_reg[14]/D
  -------------------------------------------------------------------    -------------------

                         (clock clk_100 rise edge)   10.000    10.000 r  
    H11                                               0.000    10.000 r  CLK_SYS (IN)
                         net (fo=0)                   0.000    10.000    CLK_SYS
    H11                  IBUF (Prop_ibuf_I_O)         1.303    11.303 r  CLK_SYS_IBUF_inst/O
                         net (fo=1, routed)           1.541    12.844    CLK_SYS_IBUF
    BUFGCTRL_X0Y0        BUFG (Prop_bufg_I_O)         0.077    12.921 r  CLK_SYS_IBUF_BUFG_inst/O
                         net (fo=122, routed)         1.261    14.182    MIDDLEWARE/CLK
    SLICE_X29Y0          FDRE                                         r  MIDDLEWARE/FIFO_DOUT_reg[14]/C
                         clock pessimism              0.224    14.406    
                         clock uncertainty           -0.035    14.371    
    SLICE_X29Y0          FDRE (Setup_fdre_C_D)        0.032    14.403    MIDDLEWARE/FIFO_DOUT_reg[14]
  -------------------------------------------------------------------
                         required time                         14.403    
                         arrival time                          -7.520    
  -------------------------------------------------------------------
                         slack                                  6.883    

Slack (MET) :             6.907ns  (required time - arrival time)
  Source:                 DUT/DUT_02/DUT/bram_block_reg/CLKARDCLK
                            (rising edge-triggered cell RAMB18E1 clocked by clk_100  {rise@0.000ns fall@5.000ns period=10.000ns})
  Destination:            MIDDLEWARE/FIFO_DOUT_reg[5]/D
                            (rising edge-triggered cell FDRE clocked by clk_100  {rise@0.000ns fall@5.000ns period=10.000ns})
  Path Group:             clk_100
  Path Type:              Setup (Max at Slow Process Corner)
  Requirement:            10.000ns  (clk_100 rise@10.000ns - clk_100 rise@0.000ns)
  Data Path Delay:        3.065ns  (logic 2.230ns (72.760%)  route 0.835ns (27.240%))
  Logic Levels:           1  (LUT6=1)
  Clock Path Skew:        -0.067ns (DCD - SCD + CPR)
    Destination Clock Delay (DCD):    4.182ns = ( 14.182 - 10.000 ) 
    Source Clock Delay      (SCD):    4.489ns
    Clock Pessimism Removal (CPR):    0.240ns
  Clock Uncertainty:      0.035ns  ((TSJ^2 + TIJ^2)^1/2 + DJ) / 2 + PE
    Total System Jitter     (TSJ):    0.071ns
    Total Input Jitter      (TIJ):    0.000ns
    Discrete Jitter          (DJ):    0.000ns
    Phase Error              (PE):    0.000ns

    Location             Delay type                Incr(ns)  Path(ns)    Netlist Resource(s)
  -------------------------------------------------------------------    -------------------
                         (clock clk_100 rise edge)    0.000     0.000 r  
    H11                                               0.000     0.000 r  CLK_SYS (IN)
                         net (fo=0)                   0.000     0.000    CLK_SYS
    H11                  IBUF (Prop_ibuf_I_O)         1.369     1.369 r  CLK_SYS_IBUF_inst/O
                         net (fo=1, routed)           1.630     2.999    CLK_SYS_IBUF
    BUFGCTRL_X0Y0        BUFG (Prop_bufg_I_O)         0.081     3.080 r  CLK_SYS_IBUF_BUFG_inst/O
                         net (fo=122, routed)         1.409     4.489    DUT/DUT_02/DUT/CLK
    RAMB18_X0Y0          RAMB18E1                                     r  DUT/DUT_02/DUT/bram_block_reg/CLKARDCLK
  -------------------------------------------------------------------    -------------------
    RAMB18_X0Y0          RAMB18E1 (Prop_ramb18e1_CLKARDCLK_DOADO[5])
                                                      2.125     6.614 r  DUT/DUT_02/DUT/bram_block_reg/DOADO[5]
                         net (fo=1, routed)           0.835     7.449    SPI_MOD/DOADO[2]
    SLICE_X30Y1          LUT6 (Prop_lut6_I3_O)        0.105     7.554 r  SPI_MOD/FIFO_DOUT[5]_i_1/O
                         net (fo=1, routed)           0.000     7.554    MIDDLEWARE/FIFO_DOUT_reg[23]_1[4]
    SLICE_X30Y1          FDRE                                         r  MIDDLEWARE/FIFO_DOUT_reg[5]/D
  -------------------------------------------------------------------    -------------------

                         (clock clk_100 rise edge)   10.000    10.000 r  
    H11                                               0.000    10.000 r  CLK_SYS (IN)
                         net (fo=0)                   0.000    10.000    CLK_SYS
    H11                  IBUF (Prop_ibuf_I_O)         1.303    11.303 r  CLK_SYS_IBUF_inst/O
                         net (fo=1, routed)           1.541    12.844    CLK_SYS_IBUF
    BUFGCTRL_X0Y0        BUFG (Prop_bufg_I_O)         0.077    12.921 r  CLK_SYS_IBUF_BUFG_inst/O
                         net (fo=122, routed)         1.261    14.182    MIDDLEWARE/CLK
    SLICE_X30Y1          FDRE                                         r  MIDDLEWARE/FIFO_DOUT_reg[5]/C
                         clock pessimism              0.240    14.422    
                         clock uncertainty           -0.035    14.387    
    SLICE_X30Y1          FDRE (Setup_fdre_C_D)        0.074    14.461    MIDDLEWARE/FIFO_DOUT_reg[5]
  -------------------------------------------------------------------
                         required time                         14.461    
                         arrival time                          -7.554    
  -------------------------------------------------------------------
                         slack                                  6.907    

Slack (MET) :             6.920ns  (required time - arrival time)
  Source:                 DUT/DUT_02/DUT/bram_block_reg/CLKARDCLK
                            (rising edge-triggered cell RAMB18E1 clocked by clk_100  {rise@0.000ns fall@5.000ns period=10.000ns})
  Destination:            MIDDLEWARE/FIFO_DOUT_reg[12]/D
                            (rising edge-triggered cell FDRE clocked by clk_100  {rise@0.000ns fall@5.000ns period=10.000ns})
  Path Group:             clk_100
  Path Type:              Setup (Max at Slow Process Corner)
  Requirement:            10.000ns  (clk_100 rise@10.000ns - clk_100 rise@0.000ns)
  Data Path Delay:        2.992ns  (logic 2.230ns (74.530%)  route 0.762ns (25.470%))
  Logic Levels:           1  (LUT6=1)
  Clock Path Skew:        -0.083ns (DCD - SCD + CPR)
    Destination Clock Delay (DCD):    4.182ns = ( 14.182 - 10.000 ) 
    Source Clock Delay      (SCD):    4.489ns
    Clock Pessimism Removal (CPR):    0.224ns
  Clock Uncertainty:      0.035ns  ((TSJ^2 + TIJ^2)^1/2 + DJ) / 2 + PE
    Total System Jitter     (TSJ):    0.071ns
    Total Input Jitter      (TIJ):    0.000ns
    Discrete Jitter          (DJ):    0.000ns
    Phase Error              (PE):    0.000ns

    Location             Delay type                Incr(ns)  Path(ns)    Netlist Resource(s)
  -------------------------------------------------------------------    -------------------
                         (clock clk_100 rise edge)    0.000     0.000 r  
    H11                                               0.000     0.000 r  CLK_SYS (IN)
                         net (fo=0)                   0.000     0.000    CLK_SYS
    H11                  IBUF (Prop_ibuf_I_O)         1.369     1.369 r  CLK_SYS_IBUF_inst/O
                         net (fo=1, routed)           1.630     2.999    CLK_SYS_IBUF
    BUFGCTRL_X0Y0        BUFG (Prop_bufg_I_O)         0.081     3.080 r  CLK_SYS_IBUF_BUFG_inst/O
                         net (fo=122, routed)         1.409     4.489    DUT/DUT_02/DUT/CLK
    RAMB18_X0Y0          RAMB18E1                                     r  DUT/DUT_02/DUT/bram_block_reg/CLKARDCLK
  -------------------------------------------------------------------    -------------------
    RAMB18_X0Y0          RAMB18E1 (Prop_ramb18e1_CLKARDCLK_DOADO[12])
                                                      2.125     6.614 r  DUT/DUT_02/DUT/bram_block_reg/DOADO[12]
                         net (fo=1, routed)           0.762     7.376    SPI_MOD/DOADO[6]
    SLICE_X29Y0          LUT6 (Prop_lut6_I1_O)        0.105     7.481 r  SPI_MOD/FIFO_DOUT[12]_i_1/O
                         net (fo=1, routed)           0.000     7.481    MIDDLEWARE/FIFO_DOUT_reg[23]_1[11]
    SLICE_X29Y0          FDRE                                         r  MIDDLEWARE/FIFO_DOUT_reg[12]/D
  -------------------------------------------------------------------    -------------------

                         (clock clk_100 rise edge)   10.000    10.000 r  
    H11                                               0.000    10.000 r  CLK_SYS (IN)
                         net (fo=0)                   0.000    10.000    CLK_SYS
    H11                  IBUF (Prop_ibuf_I_O)         1.303    11.303 r  CLK_SYS_IBUF_inst/O
                         net (fo=1, routed)           1.541    12.844    CLK_SYS_IBUF
    BUFGCTRL_X0Y0        BUFG (Prop_bufg_I_O)         0.077    12.921 r  CLK_SYS_IBUF_BUFG_inst/O
                         net (fo=122, routed)         1.261    14.182    MIDDLEWARE/CLK
    SLICE_X29Y0          FDRE                                         r  MIDDLEWARE/FIFO_DOUT_reg[12]/C
                         clock pessimism              0.224    14.406    
                         clock uncertainty           -0.035    14.371    
    SLICE_X29Y0          FDRE (Setup_fdre_C_D)        0.030    14.401    MIDDLEWARE/FIFO_DOUT_reg[12]
  -------------------------------------------------------------------
                         required time                         14.401    
                         arrival time                          -7.481    
  -------------------------------------------------------------------
                         slack                                  6.920    

Slack (MET) :             7.010ns  (required time - arrival time)
  Source:                 DUT/DUT_02/DUT/bram_block_reg/CLKARDCLK
                            (rising edge-triggered cell RAMB18E1 clocked by clk_100  {rise@0.000ns fall@5.000ns period=10.000ns})
  Destination:            MIDDLEWARE/FIFO_DOUT_reg[15]/D
                            (rising edge-triggered cell FDRE clocked by clk_100  {rise@0.000ns fall@5.000ns period=10.000ns})
  Path Group:             clk_100
  Path Type:              Setup (Max at Slow Process Corner)
  Requirement:            10.000ns  (clk_100 rise@10.000ns - clk_100 rise@0.000ns)
  Data Path Delay:        2.920ns  (logic 2.230ns (76.366%)  route 0.690ns (23.634%))
  Logic Levels:           1  (LUT6=1)
  Clock Path Skew:        -0.067ns (DCD - SCD + CPR)
    Destination Clock Delay (DCD):    4.182ns = ( 14.182 - 10.000 ) 
    Source Clock Delay      (SCD):    4.489ns
    Clock Pessimism Removal (CPR):    0.240ns
  Clock Uncertainty:      0.035ns  ((TSJ^2 + TIJ^2)^1/2 + DJ) / 2 + PE
    Total System Jitter     (TSJ):    0.071ns
    Total Input Jitter      (TIJ):    0.000ns
    Discrete Jitter          (DJ):    0.000ns
    Phase Error              (PE):    0.000ns

    Location             Delay type                Incr(ns)  Path(ns)    Netlist Resource(s)
  -------------------------------------------------------------------    -------------------
                         (clock clk_100 rise edge)    0.000     0.000 r  
    H11                                               0.000     0.000 r  CLK_SYS (IN)
                         net (fo=0)                   0.000     0.000    CLK_SYS
    H11                  IBUF (Prop_ibuf_I_O)         1.369     1.369 r  CLK_SYS_IBUF_inst/O
                         net (fo=1, routed)           1.630     2.999    CLK_SYS_IBUF
    BUFGCTRL_X0Y0        BUFG (Prop_bufg_I_O)         0.081     3.080 r  CLK_SYS_IBUF_BUFG_inst/O
                         net (fo=122, routed)         1.409     4.489    DUT/DUT_02/DUT/CLK
    RAMB18_X0Y0          RAMB18E1                                     r  DUT/DUT_02/DUT/bram_block_reg/CLKARDCLK
  -------------------------------------------------------------------    -------------------
    RAMB18_X0Y0          RAMB18E1 (Prop_ramb18e1_CLKARDCLK_DOADO[15])
                                                      2.125     6.614 r  DUT/DUT_02/DUT/bram_block_reg/DOADO[15]
                         net (fo=1, routed)           0.690     7.304    SPI_MOD/DOADO[9]
    SLICE_X31Y2          LUT6 (Prop_lut6_I1_O)        0.105     7.409 r  SPI_MOD/FIFO_DOUT[15]_i_1/O
                         net (fo=1, routed)           0.000     7.409    MIDDLEWARE/FIFO_DOUT_reg[23]_1[14]
    SLICE_X31Y2          FDRE                                         r  MIDDLEWARE/FIFO_DOUT_reg[15]/D
  -------------------------------------------------------------------    -------------------

                         (clock clk_100 rise edge)   10.000    10.000 r  
    H11                                               0.000    10.000 r  CLK_SYS (IN)
                         net (fo=0)                   0.000    10.000    CLK_SYS
    H11                  IBUF (Prop_ibuf_I_O)         1.303    11.303 r  CLK_SYS_IBUF_inst/O
                         net (fo=1, routed)           1.541    12.844    CLK_SYS_IBUF
    BUFGCTRL_X0Y0        BUFG (Prop_bufg_I_O)         0.077    12.921 r  CLK_SYS_IBUF_BUFG_inst/O
                         net (fo=122, routed)         1.261    14.182    MIDDLEWARE/CLK
    SLICE_X31Y2          FDRE                                         r  MIDDLEWARE/FIFO_DOUT_reg[15]/C
                         clock pessimism              0.240    14.422    
                         clock uncertainty           -0.035    14.387    
    SLICE_X31Y2          FDRE (Setup_fdre_C_D)        0.032    14.419    MIDDLEWARE/FIFO_DOUT_reg[15]
  -------------------------------------------------------------------
                         required time                         14.419    
                         arrival time                          -7.409    
  -------------------------------------------------------------------
                         slack                                  7.010    

Slack (MET) :             7.034ns  (required time - arrival time)
  Source:                 DUT/DUT_02/DUT/bram_block_reg/CLKARDCLK
                            (rising edge-triggered cell RAMB18E1 clocked by clk_100  {rise@0.000ns fall@5.000ns period=10.000ns})
  Destination:            MIDDLEWARE/FIFO_DOUT_reg[3]/D
                            (rising edge-triggered cell FDRE clocked by clk_100  {rise@0.000ns fall@5.000ns period=10.000ns})
  Path Group:             clk_100
  Path Type:              Setup (Max at Slow Process Corner)
  Requirement:            10.000ns  (clk_100 rise@10.000ns - clk_100 rise@0.000ns)
  Data Path Delay:        2.938ns  (logic 2.230ns (75.898%)  route 0.708ns (24.102%))
  Logic Levels:           1  (LUT6=1)
  Clock Path Skew:        -0.067ns (DCD - SCD + CPR)
    Destination Clock Delay (DCD):    4.182ns = ( 14.182 - 10.000 ) 
    Source Clock Delay      (SCD):    4.489ns
    Clock Pessimism Removal (CPR):    0.240ns
  Clock Uncertainty:      0.035ns  ((TSJ^2 + TIJ^2)^1/2 + DJ) / 2 + PE
    Total System Jitter     (TSJ):    0.071ns
    Total Input Jitter      (TIJ):    0.000ns
    Discrete Jitter          (DJ):    0.000ns
    Phase Error              (PE):    0.000ns

    Location             Delay type                Incr(ns)  Path(ns)    Netlist Resource(s)
  -------------------------------------------------------------------    -------------------
                         (clock clk_100 rise edge)    0.000     0.000 r  
    H11                                               0.000     0.000 r  CLK_SYS (IN)
                         net (fo=0)                   0.000     0.000    CLK_SYS
    H11                  IBUF (Prop_ibuf_I_O)         1.369     1.369 r  CLK_SYS_IBUF_inst/O
                         net (fo=1, routed)           1.630     2.999    CLK_SYS_IBUF
    BUFGCTRL_X0Y0        BUFG (Prop_bufg_I_O)         0.081     3.080 r  CLK_SYS_IBUF_BUFG_inst/O
                         net (fo=122, routed)         1.409     4.489    DUT/DUT_02/DUT/CLK
    RAMB18_X0Y0          RAMB18E1                                     r  DUT/DUT_02/DUT/bram_block_reg/CLKARDCLK
  -------------------------------------------------------------------    -------------------
    RAMB18_X0Y0          RAMB18E1 (Prop_ramb18e1_CLKARDCLK_DOADO[3])
                                                      2.125     6.614 r  DUT/DUT_02/DUT/bram_block_reg/DOADO[3]
                         net (fo=1, routed)           0.708     7.322    SPI_MOD/DOADO[1]
    SLICE_X30Y1          LUT6 (Prop_lut6_I3_O)        0.105     7.427 r  SPI_MOD/FIFO_DOUT[3]_i_1/O
                         net (fo=1, routed)           0.000     7.427    MIDDLEWARE/FIFO_DOUT_reg[23]_1[2]
    SLICE_X30Y1          FDRE                                         r  MIDDLEWARE/FIFO_DOUT_reg[3]/D
  -------------------------------------------------------------------    -------------------

                         (clock clk_100 rise edge)   10.000    10.000 r  
    H11                                               0.000    10.000 r  CLK_SYS (IN)
                         net (fo=0)                   0.000    10.000    CLK_SYS
    H11                  IBUF (Prop_ibuf_I_O)         1.303    11.303 r  CLK_SYS_IBUF_inst/O
                         net (fo=1, routed)           1.541    12.844    CLK_SYS_IBUF
    BUFGCTRL_X0Y0        BUFG (Prop_bufg_I_O)         0.077    12.921 r  CLK_SYS_IBUF_BUFG_inst/O
                         net (fo=122, routed)         1.261    14.182    MIDDLEWARE/CLK
    SLICE_X30Y1          FDRE                                         r  MIDDLEWARE/FIFO_DOUT_reg[3]/C
                         clock pessimism              0.240    14.422    
                         clock uncertainty           -0.035    14.387    
    SLICE_X30Y1          FDRE (Setup_fdre_C_D)        0.074    14.461    MIDDLEWARE/FIFO_DOUT_reg[3]
  -------------------------------------------------------------------
                         required time                         14.461    
                         arrival time                          -7.427    
  -------------------------------------------------------------------
                         slack                                  7.034    

Slack (MET) :             7.037ns  (required time - arrival time)
  Source:                 DUT/DUT_02/DUT/bram_block_reg/CLKARDCLK
                            (rising edge-triggered cell RAMB18E1 clocked by clk_100  {rise@0.000ns fall@5.000ns period=10.000ns})
  Destination:            MIDDLEWARE/FIFO_DOUT_reg[1]/D
                            (rising edge-triggered cell FDRE clocked by clk_100  {rise@0.000ns fall@5.000ns period=10.000ns})
  Path Group:             clk_100
  Path Type:              Setup (Max at Slow Process Corner)
  Requirement:            10.000ns  (clk_100 rise@10.000ns - clk_100 rise@0.000ns)
  Data Path Delay:        2.937ns  (logic 2.230ns (75.924%)  route 0.707ns (24.076%))
  Logic Levels:           1  (LUT5=1)
  Clock Path Skew:        -0.067ns (DCD - SCD + CPR)
    Destination Clock Delay (DCD):    4.182ns = ( 14.182 - 10.000 ) 
    Source Clock Delay      (SCD):    4.489ns
    Clock Pessimism Removal (CPR):    0.240ns
  Clock Uncertainty:      0.035ns  ((TSJ^2 + TIJ^2)^1/2 + DJ) / 2 + PE
    Total System Jitter     (TSJ):    0.071ns
    Total Input Jitter      (TIJ):    0.000ns
    Discrete Jitter          (DJ):    0.000ns
    Phase Error              (PE):    0.000ns

    Location             Delay type                Incr(ns)  Path(ns)    Netlist Resource(s)
  -------------------------------------------------------------------    -------------------
                         (clock clk_100 rise edge)    0.000     0.000 r  
    H11                                               0.000     0.000 r  CLK_SYS (IN)
                         net (fo=0)                   0.000     0.000    CLK_SYS
    H11                  IBUF (Prop_ibuf_I_O)         1.369     1.369 r  CLK_SYS_IBUF_inst/O
                         net (fo=1, routed)           1.630     2.999    CLK_SYS_IBUF
    BUFGCTRL_X0Y0        BUFG (Prop_bufg_I_O)         0.081     3.080 r  CLK_SYS_IBUF_BUFG_inst/O
                         net (fo=122, routed)         1.409     4.489    DUT/DUT_02/DUT/CLK
    RAMB18_X0Y0          RAMB18E1                                     r  DUT/DUT_02/DUT/bram_block_reg/CLKARDCLK
  -------------------------------------------------------------------    -------------------
    RAMB18_X0Y0          RAMB18E1 (Prop_ramb18e1_CLKARDCLK_DOADO[1])
                                                      2.125     6.614 r  DUT/DUT_02/DUT/bram_block_reg/DOADO[1]
                         net (fo=1, routed)           0.707     7.321    MIDDLEWARE/DOADO[0]
    SLICE_X30Y1          LUT5 (Prop_lut5_I2_O)        0.105     7.426 r  MIDDLEWARE/FIFO_DOUT[1]_i_1/O
                         net (fo=1, routed)           0.000     7.426    MIDDLEWARE/p_0_out[1]
    SLICE_X30Y1          FDRE                                         r  MIDDLEWARE/FIFO_DOUT_reg[1]/D
  -------------------------------------------------------------------    -------------------

                         (clock clk_100 rise edge)   10.000    10.000 r  
    H11                                               0.000    10.000 r  CLK_SYS (IN)
                         net (fo=0)                   0.000    10.000    CLK_SYS
    H11                  IBUF (Prop_ibuf_I_O)         1.303    11.303 r  CLK_SYS_IBUF_inst/O
                         net (fo=1, routed)           1.541    12.844    CLK_SYS_IBUF
    BUFGCTRL_X0Y0        BUFG (Prop_bufg_I_O)         0.077    12.921 r  CLK_SYS_IBUF_BUFG_inst/O
                         net (fo=122, routed)         1.261    14.182    MIDDLEWARE/CLK
    SLICE_X30Y1          FDRE                                         r  MIDDLEWARE/FIFO_DOUT_reg[1]/C
                         clock pessimism              0.240    14.422    
                         clock uncertainty           -0.035    14.387    
    SLICE_X30Y1          FDRE (Setup_fdre_C_D)        0.076    14.463    MIDDLEWARE/FIFO_DOUT_reg[1]
  -------------------------------------------------------------------
                         required time                         14.463    
                         arrival time                          -7.426    
  -------------------------------------------------------------------
                         slack                                  7.037    

Slack (MET) :             7.046ns  (required time - arrival time)
  Source:                 DUT/DUT_02/DUT/bram_block_reg/CLKARDCLK
                            (rising edge-triggered cell RAMB18E1 clocked by clk_100  {rise@0.000ns fall@5.000ns period=10.000ns})
  Destination:            MIDDLEWARE/FIFO_DOUT_reg[2]/D
                            (rising edge-triggered cell FDRE clocked by clk_100  {rise@0.000ns fall@5.000ns period=10.000ns})
  Path Group:             clk_100
  Path Type:              Setup (Max at Slow Process Corner)
  Requirement:            10.000ns  (clk_100 rise@10.000ns - clk_100 rise@0.000ns)
  Data Path Delay:        2.869ns  (logic 2.230ns (77.723%)  route 0.639ns (22.277%))
  Logic Levels:           1  (LUT6=1)
  Clock Path Skew:        -0.083ns (DCD - SCD + CPR)
    Destination Clock Delay (DCD):    4.182ns = ( 14.182 - 10.000 ) 
    Source Clock Delay      (SCD):    4.489ns
    Clock Pessimism Removal (CPR):    0.224ns
  Clock Uncertainty:      0.035ns  ((TSJ^2 + TIJ^2)^1/2 + DJ) / 2 + PE
    Total System Jitter     (TSJ):    0.071ns
    Total Input Jitter      (TIJ):    0.000ns
    Discrete Jitter          (DJ):    0.000ns
    Phase Error              (PE):    0.000ns

    Location             Delay type                Incr(ns)  Path(ns)    Netlist Resource(s)
  -------------------------------------------------------------------    -------------------
                         (clock clk_100 rise edge)    0.000     0.000 r  
    H11                                               0.000     0.000 r  CLK_SYS (IN)
                         net (fo=0)                   0.000     0.000    CLK_SYS
    H11                  IBUF (Prop_ibuf_I_O)         1.369     1.369 r  CLK_SYS_IBUF_inst/O
                         net (fo=1, routed)           1.630     2.999    CLK_SYS_IBUF
    BUFGCTRL_X0Y0        BUFG (Prop_bufg_I_O)         0.081     3.080 r  CLK_SYS_IBUF_BUFG_inst/O
                         net (fo=122, routed)         1.409     4.489    DUT/DUT_02/DUT/CLK
    RAMB18_X0Y0          RAMB18E1                                     r  DUT/DUT_02/DUT/bram_block_reg/CLKARDCLK
  -------------------------------------------------------------------    -------------------
    RAMB18_X0Y0          RAMB18E1 (Prop_ramb18e1_CLKARDCLK_DOADO[2])
                                                      2.125     6.614 r  DUT/DUT_02/DUT/bram_block_reg/DOADO[2]
                         net (fo=1, routed)           0.639     7.253    SPI_MOD/DOADO[0]
    SLICE_X29Y0          LUT6 (Prop_lut6_I1_O)        0.105     7.358 r  SPI_MOD/FIFO_DOUT[2]_i_1/O
                         net (fo=1, routed)           0.000     7.358    MIDDLEWARE/FIFO_DOUT_reg[23]_1[1]
    SLICE_X29Y0          FDRE                                         r  MIDDLEWARE/FIFO_DOUT_reg[2]/D
  -------------------------------------------------------------------    -------------------

                         (clock clk_100 rise edge)   10.000    10.000 r  
    H11                                               0.000    10.000 r  CLK_SYS (IN)
                         net (fo=0)                   0.000    10.000    CLK_SYS
    H11                  IBUF (Prop_ibuf_I_O)         1.303    11.303 r  CLK_SYS_IBUF_inst/O
                         net (fo=1, routed)           1.541    12.844    CLK_SYS_IBUF
    BUFGCTRL_X0Y0        BUFG (Prop_bufg_I_O)         0.077    12.921 r  CLK_SYS_IBUF_BUFG_inst/O
                         net (fo=122, routed)         1.261    14.182    MIDDLEWARE/CLK
    SLICE_X29Y0          FDRE                                         r  MIDDLEWARE/FIFO_DOUT_reg[2]/C
                         clock pessimism              0.224    14.406    
                         clock uncertainty           -0.035    14.371    
    SLICE_X29Y0          FDRE (Setup_fdre_C_D)        0.033    14.404    MIDDLEWARE/FIFO_DOUT_reg[2]
  -------------------------------------------------------------------
                         required time                         14.404    
                         arrival time                          -7.358    
  -------------------------------------------------------------------
                         slack                                  7.046    





Min Delay Paths
--------------------------------------------------------------------------------------
Slack (MET) :             0.063ns  (arrival time - required time)
  Source:                 MIDDLEWARE/FIFO_DOUT_reg[21]/C
                            (rising edge-triggered cell FDRE clocked by clk_100  {rise@0.000ns fall@5.000ns period=10.000ns})
  Destination:            DUT/DUT_02/DUT/bram_block_reg/ADDRARDADDR[9]
                            (rising edge-triggered cell RAMB18E1 clocked by clk_100  {rise@0.000ns fall@5.000ns period=10.000ns})
  Path Group:             clk_100
  Path Type:              Hold (Min at Fast Process Corner)
  Requirement:            0.000ns  (clk_100 rise@0.000ns - clk_100 rise@0.000ns)
  Data Path Delay:        0.301ns  (logic 0.141ns (46.849%)  route 0.160ns (53.151%))
  Logic Levels:           0  
  Clock Path Skew:        0.055ns (DCD - SCD - CPR)
    Destination Clock Delay (DCD):    1.955ns
    Source Clock Delay      (SCD):    1.405ns
    Clock Pessimism Removal (CPR):    0.496ns

    Location             Delay type                Incr(ns)  Path(ns)    Netlist Resource(s)
  -------------------------------------------------------------------    -------------------
                         (clock clk_100 rise edge)    0.000     0.000 r  
    H11                                               0.000     0.000 r  CLK_SYS (IN)
                         net (fo=0)                   0.000     0.000    CLK_SYS
    H11                  IBUF (Prop_ibuf_I_O)         0.206     0.206 r  CLK_SYS_IBUF_inst/O
                         net (fo=1, routed)           0.607     0.813    CLK_SYS_IBUF
    BUFGCTRL_X0Y0        BUFG (Prop_bufg_I_O)         0.026     0.839 r  CLK_SYS_IBUF_BUFG_inst/O
                         net (fo=122, routed)         0.566     1.405    MIDDLEWARE/CLK
    SLICE_X31Y3          FDRE                                         r  MIDDLEWARE/FIFO_DOUT_reg[21]/C
  -------------------------------------------------------------------    -------------------
    SLICE_X31Y3          FDRE (Prop_fdre_C_Q)         0.141     1.546 r  MIDDLEWARE/FIFO_DOUT_reg[21]/Q
                         net (fo=2, routed)           0.160     1.706    DUT/DUT_02/DUT/ADDRARDADDR[5]
    RAMB18_X0Y0          RAMB18E1                                     r  DUT/DUT_02/DUT/bram_block_reg/ADDRARDADDR[9]
  -------------------------------------------------------------------    -------------------

                         (clock clk_100 rise edge)    0.000     0.000 r  
    H11                                               0.000     0.000 r  CLK_SYS (IN)
                         net (fo=0)                   0.000     0.000    CLK_SYS
    H11                  IBUF (Prop_ibuf_I_O)         0.393     0.393 r  CLK_SYS_IBUF_inst/O
                         net (fo=1, routed)           0.660     1.053    CLK_SYS_IBUF
    BUFGCTRL_X0Y0        BUFG (Prop_bufg_I_O)         0.029     1.082 r  CLK_SYS_IBUF_BUFG_inst/O
                         net (fo=122, routed)         0.873     1.955    DUT/DUT_02/DUT/CLK
    RAMB18_X0Y0          RAMB18E1                                     r  DUT/DUT_02/DUT/bram_block_reg/CLKARDCLK
                         clock pessimism             -0.496     1.459    
    RAMB18_X0Y0          RAMB18E1 (Hold_ramb18e1_CLKARDCLK_ADDRARDADDR[9])
                                                      0.183     1.642    DUT/DUT_02/DUT/bram_block_reg
  -------------------------------------------------------------------
                         required time                         -1.642    
                         arrival time                           1.706    
  -------------------------------------------------------------------
                         slack                                  0.063    

Slack (MET) :             0.116ns  (arrival time - required time)
  Source:                 SPI_MOD/buffer_reg[14]/C
                            (rising edge-triggered cell FDRE clocked by clk_100  {rise@0.000ns fall@5.000ns period=10.000ns})
  Destination:            SPI_MOD/DFOR_MIDDLEWARE_reg[14]/D
                            (rising edge-triggered cell FDRE clocked by clk_100  {rise@0.000ns fall@5.000ns period=10.000ns})
  Path Group:             clk_100
  Path Type:              Hold (Min at Fast Process Corner)
  Requirement:            0.000ns  (clk_100 rise@0.000ns - clk_100 rise@0.000ns)
  Data Path Delay:        0.205ns  (logic 0.141ns (68.816%)  route 0.064ns (31.184%))
  Logic Levels:           0  
  Clock Path Skew:        0.013ns (DCD - SCD - CPR)
    Destination Clock Delay (DCD):    1.918ns
    Source Clock Delay      (SCD):    1.406ns
    Clock Pessimism Removal (CPR):    0.499ns

    Location             Delay type                Incr(ns)  Path(ns)    Netlist Resource(s)
  -------------------------------------------------------------------    -------------------
                         (clock clk_100 rise edge)    0.000     0.000 r  
    H11                                               0.000     0.000 r  CLK_SYS (IN)
                         net (fo=0)                   0.000     0.000    CLK_SYS
    H11                  IBUF (Prop_ibuf_I_O)         0.206     0.206 r  CLK_SYS_IBUF_inst/O
                         net (fo=1, routed)           0.607     0.813    CLK_SYS_IBUF
    BUFGCTRL_X0Y0        BUFG (Prop_bufg_I_O)         0.026     0.839 r  CLK_SYS_IBUF_BUFG_inst/O
                         net (fo=122, routed)         0.567     1.406    SPI_MOD/CLK
    SLICE_X29Y1          FDRE                                         r  SPI_MOD/buffer_reg[14]/C
  -------------------------------------------------------------------    -------------------
    SLICE_X29Y1          FDRE (Prop_fdre_C_Q)         0.141     1.547 r  SPI_MOD/buffer_reg[14]/Q
                         net (fo=2, routed)           0.064     1.611    SPI_MOD/buffer_reg_n_0_[14]
    SLICE_X28Y1          FDRE                                         r  SPI_MOD/DFOR_MIDDLEWARE_reg[14]/D
  -------------------------------------------------------------------    -------------------

                         (clock clk_100 rise edge)    0.000     0.000 r  
    H11                                               0.000     0.000 r  CLK_SYS (IN)
                         net (fo=0)                   0.000     0.000    CLK_SYS
    H11                  IBUF (Prop_ibuf_I_O)         0.393     0.393 r  CLK_SYS_IBUF_inst/O
                         net (fo=1, routed)           0.660     1.053    CLK_SYS_IBUF
    BUFGCTRL_X0Y0        BUFG (Prop_bufg_I_O)         0.029     1.082 r  CLK_SYS_IBUF_BUFG_inst/O
                         net (fo=122, routed)         0.836     1.918    SPI_MOD/CLK
    SLICE_X28Y1          FDRE                                         r  SPI_MOD/DFOR_MIDDLEWARE_reg[14]/C
                         clock pessimism             -0.499     1.419    
    SLICE_X28Y1          FDRE (Hold_fdre_C_D)         0.076     1.495    SPI_MOD/DFOR_MIDDLEWARE_reg[14]
  -------------------------------------------------------------------
                         required time                         -1.495    
                         arrival time                           1.611    
  -------------------------------------------------------------------
                         slack                                  0.116    

Slack (MET) :             0.123ns  (arrival time - required time)
  Source:                 MIDDLEWARE/FIFO_DOUT_reg[18]/C
                            (rising edge-triggered cell FDRE clocked by clk_100  {rise@0.000ns fall@5.000ns period=10.000ns})
  Destination:            DUT/DUT_02/DUT/bram_block_reg/ADDRARDADDR[6]
                            (rising edge-triggered cell RAMB18E1 clocked by clk_100  {rise@0.000ns fall@5.000ns period=10.000ns})
  Path Group:             clk_100
  Path Type:              Hold (Min at Fast Process Corner)
  Requirement:            0.000ns  (clk_100 rise@0.000ns - clk_100 rise@0.000ns)
  Data Path Delay:        0.380ns  (logic 0.164ns (43.190%)  route 0.216ns (56.810%))
  Logic Levels:           0  
  Clock Path Skew:        0.074ns (DCD - SCD - CPR)
    Destination Clock Delay (DCD):    1.955ns
    Source Clock Delay      (SCD):    1.405ns
    Clock Pessimism Removal (CPR):    0.477ns

    Location             Delay type                Incr(ns)  Path(ns)    Netlist Resource(s)
  -------------------------------------------------------------------    -------------------
                         (clock clk_100 rise edge)    0.000     0.000 r  
    H11                                               0.000     0.000 r  CLK_SYS (IN)
                         net (fo=0)                   0.000     0.000    CLK_SYS
    H11                  IBUF (Prop_ibuf_I_O)         0.206     0.206 r  CLK_SYS_IBUF_inst/O
                         net (fo=1, routed)           0.607     0.813    CLK_SYS_IBUF
    BUFGCTRL_X0Y0        BUFG (Prop_bufg_I_O)         0.026     0.839 r  CLK_SYS_IBUF_BUFG_inst/O
                         net (fo=122, routed)         0.566     1.405    MIDDLEWARE/CLK
    SLICE_X28Y4          FDRE                                         r  MIDDLEWARE/FIFO_DOUT_reg[18]/C
  -------------------------------------------------------------------    -------------------
    SLICE_X28Y4          FDRE (Prop_fdre_C_Q)         0.164     1.569 r  MIDDLEWARE/FIFO_DOUT_reg[18]/Q
                         net (fo=2, routed)           0.216     1.784    DUT/DUT_02/DUT/ADDRARDADDR[2]
    RAMB18_X0Y0          RAMB18E1                                     r  DUT/DUT_02/DUT/bram_block_reg/ADDRARDADDR[6]
  -------------------------------------------------------------------    -------------------

                         (clock clk_100 rise edge)    0.000     0.000 r  
    H11                                               0.000     0.000 r  CLK_SYS (IN)
                         net (fo=0)                   0.000     0.000    CLK_SYS
    H11                  IBUF (Prop_ibuf_I_O)         0.393     0.393 r  CLK_SYS_IBUF_inst/O
                         net (fo=1, routed)           0.660     1.053    CLK_SYS_IBUF
    BUFGCTRL_X0Y0        BUFG (Prop_bufg_I_O)         0.029     1.082 r  CLK_SYS_IBUF_BUFG_inst/O
                         net (fo=122, routed)         0.873     1.955    DUT/DUT_02/DUT/CLK
    RAMB18_X0Y0          RAMB18E1                                     r  DUT/DUT_02/DUT/bram_block_reg/CLKARDCLK
                         clock pessimism             -0.477     1.478    
    RAMB18_X0Y0          RAMB18E1 (Hold_ramb18e1_CLKARDCLK_ADDRARDADDR[6])
                                                      0.183     1.661    DUT/DUT_02/DUT/bram_block_reg
  -------------------------------------------------------------------
                         required time                         -1.661    
                         arrival time                           1.784    
  -------------------------------------------------------------------
                         slack                                  0.123    

Slack (MET) :             0.152ns  (arrival time - required time)
  Source:                 DUT/DUT_01/DATA_OUT_reg[15]/C
                            (rising edge-triggered cell FDRE clocked by clk_100  {rise@0.000ns fall@5.000ns period=10.000ns})
  Destination:            MIDDLEWARE/FIFO_DOUT_reg[15]/D
                            (rising edge-triggered cell FDRE clocked by clk_100  {rise@0.000ns fall@5.000ns period=10.000ns})
  Path Group:             clk_100
  Path Type:              Hold (Min at Fast Process Corner)
  Requirement:            0.000ns  (clk_100 rise@0.000ns - clk_100 rise@0.000ns)
  Data Path Delay:        0.257ns  (logic 0.209ns (81.182%)  route 0.048ns (18.818%))
  Logic Levels:           1  (LUT6=1)
  Clock Path Skew:        0.013ns (DCD - SCD - CPR)
    Destination Clock Delay (DCD):    1.918ns
    Source Clock Delay      (SCD):    1.406ns
    Clock Pessimism Removal (CPR):    0.499ns

    Location             Delay type                Incr(ns)  Path(ns)    Netlist Resource(s)
  -------------------------------------------------------------------    -------------------
                         (clock clk_100 rise edge)    0.000     0.000 r  
    H11                                               0.000     0.000 r  CLK_SYS (IN)
                         net (fo=0)                   0.000     0.000    CLK_SYS
    H11                  IBUF (Prop_ibuf_I_O)         0.206     0.206 r  CLK_SYS_IBUF_inst/O
                         net (fo=1, routed)           0.607     0.813    CLK_SYS_IBUF
    BUFGCTRL_X0Y0        BUFG (Prop_bufg_I_O)         0.026     0.839 r  CLK_SYS_IBUF_BUFG_inst/O
                         net (fo=122, routed)         0.567     1.406    DUT/DUT_01/CLK
    SLICE_X30Y2          FDRE                                         r  DUT/DUT_01/DATA_OUT_reg[15]/C
  -------------------------------------------------------------------    -------------------
    SLICE_X30Y2          FDRE (Prop_fdre_C_Q)         0.164     1.570 r  DUT/DUT_01/DATA_OUT_reg[15]/Q
                         net (fo=1, routed)           0.048     1.618    SPI_MOD/FIFO_DOUT_reg[15][9]
    SLICE_X31Y2          LUT6 (Prop_lut6_I2_O)        0.045     1.663 r  SPI_MOD/FIFO_DOUT[15]_i_1/O
                         net (fo=1, routed)           0.000     1.663    MIDDLEWARE/FIFO_DOUT_reg[23]_1[14]
    SLICE_X31Y2          FDRE                                         r  MIDDLEWARE/FIFO_DOUT_reg[15]/D
  -------------------------------------------------------------------    -------------------

                         (clock clk_100 rise edge)    0.000     0.000 r  
    H11                                               0.000     0.000 r  CLK_SYS (IN)
                         net (fo=0)                   0.000     0.000    CLK_SYS
    H11                  IBUF (Prop_ibuf_I_O)         0.393     0.393 r  CLK_SYS_IBUF_inst/O
                         net (fo=1, routed)           0.660     1.053    CLK_SYS_IBUF
    BUFGCTRL_X0Y0        BUFG (Prop_bufg_I_O)         0.029     1.082 r  CLK_SYS_IBUF_BUFG_inst/O
                         net (fo=122, routed)         0.836     1.918    MIDDLEWARE/CLK
    SLICE_X31Y2          FDRE                                         r  MIDDLEWARE/FIFO_DOUT_reg[15]/C
                         clock pessimism             -0.499     1.419    
    SLICE_X31Y2          FDRE (Hold_fdre_C_D)         0.092     1.511    MIDDLEWARE/FIFO_DOUT_reg[15]
  -------------------------------------------------------------------
                         required time                         -1.511    
                         arrival time                           1.663    
  -------------------------------------------------------------------
                         slack                                  0.152    

Slack (MET) :             0.154ns  (arrival time - required time)
  Source:                 MIDDLEWARE/DUT_RnW_reg_inv/C
                            (rising edge-triggered cell FDRE clocked by clk_100  {rise@0.000ns fall@5.000ns period=10.000ns})
  Destination:            DUT/DUT_02/DUT/bram_block_reg/WEA[0]
                            (rising edge-triggered cell RAMB18E1 clocked by clk_100  {rise@0.000ns fall@5.000ns period=10.000ns})
  Path Group:             clk_100
  Path Type:              Hold (Min at Fast Process Corner)
  Requirement:            0.000ns  (clk_100 rise@0.000ns - clk_100 rise@0.000ns)
  Data Path Delay:        0.297ns  (logic 0.141ns (47.413%)  route 0.156ns (52.587%))
  Logic Levels:           0  
  Clock Path Skew:        0.055ns (DCD - SCD - CPR)
    Destination Clock Delay (DCD):    1.955ns
    Source Clock Delay      (SCD):    1.405ns
    Clock Pessimism Removal (CPR):    0.496ns

    Location             Delay type                Incr(ns)  Path(ns)    Netlist Resource(s)
  -------------------------------------------------------------------    -------------------
                         (clock clk_100 rise edge)    0.000     0.000 r  
    H11                                               0.000     0.000 r  CLK_SYS (IN)
                         net (fo=0)                   0.000     0.000    CLK_SYS
    H11                  IBUF (Prop_ibuf_I_O)         0.206     0.206 r  CLK_SYS_IBUF_inst/O
                         net (fo=1, routed)           0.607     0.813    CLK_SYS_IBUF
    BUFGCTRL_X0Y0        BUFG (Prop_bufg_I_O)         0.026     0.839 r  CLK_SYS_IBUF_BUFG_inst/O
                         net (fo=122, routed)         0.566     1.405    MIDDLEWARE/CLK
    SLICE_X31Y3          FDRE                                         r  MIDDLEWARE/DUT_RnW_reg_inv/C
  -------------------------------------------------------------------    -------------------
    SLICE_X31Y3          FDRE (Prop_fdre_C_Q)         0.141     1.546 r  MIDDLEWARE/DUT_RnW_reg_inv/Q
                         net (fo=2, routed)           0.156     1.702    DUT/DUT_02/DUT/WEA[0]
    RAMB18_X0Y0          RAMB18E1                                     r  DUT/DUT_02/DUT/bram_block_reg/WEA[0]
  -------------------------------------------------------------------    -------------------

                         (clock clk_100 rise edge)    0.000     0.000 r  
    H11                                               0.000     0.000 r  CLK_SYS (IN)
                         net (fo=0)                   0.000     0.000    CLK_SYS
    H11                  IBUF (Prop_ibuf_I_O)         0.393     0.393 r  CLK_SYS_IBUF_inst/O
                         net (fo=1, routed)           0.660     1.053    CLK_SYS_IBUF
    BUFGCTRL_X0Y0        BUFG (Prop_bufg_I_O)         0.029     1.082 r  CLK_SYS_IBUF_BUFG_inst/O
                         net (fo=122, routed)         0.873     1.955    DUT/DUT_02/DUT/CLK
    RAMB18_X0Y0          RAMB18E1                                     r  DUT/DUT_02/DUT/bram_block_reg/CLKARDCLK
                         clock pessimism             -0.496     1.459    
    RAMB18_X0Y0          RAMB18E1 (Hold_ramb18e1_CLKARDCLK_WEA[0])
                                                      0.089     1.548    DUT/DUT_02/DUT/bram_block_reg
  -------------------------------------------------------------------
                         required time                         -1.548    
                         arrival time                           1.702    
  -------------------------------------------------------------------
                         slack                                  0.154    

Slack (MET) :             0.154ns  (arrival time - required time)
  Source:                 MIDDLEWARE/DUT_RnW_reg_inv/C
                            (rising edge-triggered cell FDRE clocked by clk_100  {rise@0.000ns fall@5.000ns period=10.000ns})
  Destination:            DUT/DUT_02/DUT/bram_block_reg/WEA[1]
                            (rising edge-triggered cell RAMB18E1 clocked by clk_100  {rise@0.000ns fall@5.000ns period=10.000ns})
  Path Group:             clk_100
  Path Type:              Hold (Min at Fast Process Corner)
  Requirement:            0.000ns  (clk_100 rise@0.000ns - clk_100 rise@0.000ns)
  Data Path Delay:        0.297ns  (logic 0.141ns (47.413%)  route 0.156ns (52.587%))
  Logic Levels:           0  
  Clock Path Skew:        0.055ns (DCD - SCD - CPR)
    Destination Clock Delay (DCD):    1.955ns
    Source Clock Delay      (SCD):    1.405ns
    Clock Pessimism Removal (CPR):    0.496ns

    Location             Delay type                Incr(ns)  Path(ns)    Netlist Resource(s)
  -------------------------------------------------------------------    -------------------
                         (clock clk_100 rise edge)    0.000     0.000 r  
    H11                                               0.000     0.000 r  CLK_SYS (IN)
                         net (fo=0)                   0.000     0.000    CLK_SYS
    H11                  IBUF (Prop_ibuf_I_O)         0.206     0.206 r  CLK_SYS_IBUF_inst/O
                         net (fo=1, routed)           0.607     0.813    CLK_SYS_IBUF
    BUFGCTRL_X0Y0        BUFG (Prop_bufg_I_O)         0.026     0.839 r  CLK_SYS_IBUF_BUFG_inst/O
                         net (fo=122, routed)         0.566     1.405    MIDDLEWARE/CLK
    SLICE_X31Y3          FDRE                                         r  MIDDLEWARE/DUT_RnW_reg_inv/C
  -------------------------------------------------------------------    -------------------
    SLICE_X31Y3          FDRE (Prop_fdre_C_Q)         0.141     1.546 r  MIDDLEWARE/DUT_RnW_reg_inv/Q
                         net (fo=2, routed)           0.156     1.702    DUT/DUT_02/DUT/WEA[0]
    RAMB18_X0Y0          RAMB18E1                                     r  DUT/DUT_02/DUT/bram_block_reg/WEA[1]
  -------------------------------------------------------------------    -------------------

                         (clock clk_100 rise edge)    0.000     0.000 r  
    H11                                               0.000     0.000 r  CLK_SYS (IN)
                         net (fo=0)                   0.000     0.000    CLK_SYS
    H11                  IBUF (Prop_ibuf_I_O)         0.393     0.393 r  CLK_SYS_IBUF_inst/O
                         net (fo=1, routed)           0.660     1.053    CLK_SYS_IBUF
    BUFGCTRL_X0Y0        BUFG (Prop_bufg_I_O)         0.029     1.082 r  CLK_SYS_IBUF_BUFG_inst/O
                         net (fo=122, routed)         0.873     1.955    DUT/DUT_02/DUT/CLK
    RAMB18_X0Y0          RAMB18E1                                     r  DUT/DUT_02/DUT/bram_block_reg/CLKARDCLK
                         clock pessimism             -0.496     1.459    
    RAMB18_X0Y0          RAMB18E1 (Hold_ramb18e1_CLKARDCLK_WEA[1])
                                                      0.089     1.548    DUT/DUT_02/DUT/bram_block_reg
  -------------------------------------------------------------------
                         required time                         -1.548    
                         arrival time                           1.702    
  -------------------------------------------------------------------
                         slack                                  0.154    

Slack (MET) :             0.155ns  (arrival time - required time)
  Source:                 MIDDLEWARE/FIFO_DOUT_reg[17]/C
                            (rising edge-triggered cell FDRE clocked by clk_100  {rise@0.000ns fall@5.000ns period=10.000ns})
  Destination:            DUT/DUT_02/DUT/bram_block_reg/ADDRARDADDR[5]
                            (rising edge-triggered cell RAMB18E1 clocked by clk_100  {rise@0.000ns fall@5.000ns period=10.000ns})
  Path Group:             clk_100
  Path Type:              Hold (Min at Fast Process Corner)
  Requirement:            0.000ns  (clk_100 rise@0.000ns - clk_100 rise@0.000ns)
  Data Path Delay:        0.340ns  (logic 0.128ns (37.649%)  route 0.212ns (62.351%))
  Logic Levels:           0  
  Clock Path Skew:        0.055ns (DCD - SCD - CPR)
    Destination Clock Delay (DCD):    1.955ns
    Source Clock Delay      (SCD):    1.405ns
    Clock Pessimism Removal (CPR):    0.496ns

    Location             Delay type                Incr(ns)  Path(ns)    Netlist Resource(s)
  -------------------------------------------------------------------    -------------------
                         (clock clk_100 rise edge)    0.000     0.000 r  
    H11                                               0.000     0.000 r  CLK_SYS (IN)
                         net (fo=0)                   0.000     0.000    CLK_SYS
    H11                  IBUF (Prop_ibuf_I_O)         0.206     0.206 r  CLK_SYS_IBUF_inst/O
                         net (fo=1, routed)           0.607     0.813    CLK_SYS_IBUF
    BUFGCTRL_X0Y0        BUFG (Prop_bufg_I_O)         0.026     0.839 r  CLK_SYS_IBUF_BUFG_inst/O
                         net (fo=122, routed)         0.566     1.405    MIDDLEWARE/CLK
    SLICE_X31Y3          FDRE                                         r  MIDDLEWARE/FIFO_DOUT_reg[17]/C
  -------------------------------------------------------------------    -------------------
    SLICE_X31Y3          FDRE (Prop_fdre_C_Q)         0.128     1.533 r  MIDDLEWARE/FIFO_DOUT_reg[17]/Q
                         net (fo=2, routed)           0.212     1.745    DUT/DUT_02/DUT/ADDRARDADDR[1]
    RAMB18_X0Y0          RAMB18E1                                     r  DUT/DUT_02/DUT/bram_block_reg/ADDRARDADDR[5]
  -------------------------------------------------------------------    -------------------

                         (clock clk_100 rise edge)    0.000     0.000 r  
    H11                                               0.000     0.000 r  CLK_SYS (IN)
                         net (fo=0)                   0.000     0.000    CLK_SYS
    H11                  IBUF (Prop_ibuf_I_O)         0.393     0.393 r  CLK_SYS_IBUF_inst/O
                         net (fo=1, routed)           0.660     1.053    CLK_SYS_IBUF
    BUFGCTRL_X0Y0        BUFG (Prop_bufg_I_O)         0.029     1.082 r  CLK_SYS_IBUF_BUFG_inst/O
                         net (fo=122, routed)         0.873     1.955    DUT/DUT_02/DUT/CLK
    RAMB18_X0Y0          RAMB18E1                                     r  DUT/DUT_02/DUT/bram_block_reg/CLKARDCLK
                         clock pessimism             -0.496     1.459    
    RAMB18_X0Y0          RAMB18E1 (Hold_ramb18e1_CLKARDCLK_ADDRARDADDR[5])
                                                      0.130     1.589    DUT/DUT_02/DUT/bram_block_reg
  -------------------------------------------------------------------
                         required time                         -1.589    
                         arrival time                           1.745    
  -------------------------------------------------------------------
                         slack                                  0.155    

Slack (MET) :             0.155ns  (arrival time - required time)
  Source:                 DUT/DUT_01/DATA_OUT_reg[11]/C
                            (rising edge-triggered cell FDRE clocked by clk_100  {rise@0.000ns fall@5.000ns period=10.000ns})
  Destination:            MIDDLEWARE/FIFO_DOUT_reg[11]/D
                            (rising edge-triggered cell FDRE clocked by clk_100  {rise@0.000ns fall@5.000ns period=10.000ns})
  Path Group:             clk_100
  Path Type:              Hold (Min at Fast Process Corner)
  Requirement:            0.000ns  (clk_100 rise@0.000ns - clk_100 rise@0.000ns)
  Data Path Delay:        0.260ns  (logic 0.209ns (80.247%)  route 0.051ns (19.753%))
  Logic Levels:           1  (LUT6=1)
  Clock Path Skew:        0.013ns (DCD - SCD - CPR)
    Destination Clock Delay (DCD):    1.918ns
    Source Clock Delay      (SCD):    1.406ns
    Clock Pessimism Removal (CPR):    0.499ns

    Location             Delay type                Incr(ns)  Path(ns)    Netlist Resource(s)
  -------------------------------------------------------------------    -------------------
                         (clock clk_100 rise edge)    0.000     0.000 r  
    H11                                               0.000     0.000 r  CLK_SYS (IN)
                         net (fo=0)                   0.000     0.000    CLK_SYS
    H11                  IBUF (Prop_ibuf_I_O)         0.206     0.206 r  CLK_SYS_IBUF_inst/O
                         net (fo=1, routed)           0.607     0.813    CLK_SYS_IBUF
    BUFGCTRL_X0Y0        BUFG (Prop_bufg_I_O)         0.026     0.839 r  CLK_SYS_IBUF_BUFG_inst/O
                         net (fo=122, routed)         0.567     1.406    DUT/DUT_01/CLK
    SLICE_X30Y0          FDRE                                         r  DUT/DUT_01/DATA_OUT_reg[11]/C
  -------------------------------------------------------------------    -------------------
    SLICE_X30Y0          FDRE (Prop_fdre_C_Q)         0.164     1.570 r  DUT/DUT_01/DATA_OUT_reg[11]/Q
                         net (fo=1, routed)           0.051     1.621    SPI_MOD/FIFO_DOUT_reg[15][5]
    SLICE_X31Y0          LUT6 (Prop_lut6_I2_O)        0.045     1.666 r  SPI_MOD/FIFO_DOUT[11]_i_1/O
                         net (fo=1, routed)           0.000     1.666    MIDDLEWARE/FIFO_DOUT_reg[23]_1[10]
    SLICE_X31Y0          FDRE                                         r  MIDDLEWARE/FIFO_DOUT_reg[11]/D
  -------------------------------------------------------------------    -------------------

                         (clock clk_100 rise edge)    0.000     0.000 r  
    H11                                               0.000     0.000 r  CLK_SYS (IN)
                         net (fo=0)                   0.000     0.000    CLK_SYS
    H11                  IBUF (Prop_ibuf_I_O)         0.393     0.393 r  CLK_SYS_IBUF_inst/O
                         net (fo=1, routed)           0.660     1.053    CLK_SYS_IBUF
    BUFGCTRL_X0Y0        BUFG (Prop_bufg_I_O)         0.029     1.082 r  CLK_SYS_IBUF_BUFG_inst/O
                         net (fo=122, routed)         0.836     1.918    MIDDLEWARE/CLK
    SLICE_X31Y0          FDRE                                         r  MIDDLEWARE/FIFO_DOUT_reg[11]/C
                         clock pessimism             -0.499     1.419    
    SLICE_X31Y0          FDRE (Hold_fdre_C_D)         0.092     1.511    MIDDLEWARE/FIFO_DOUT_reg[11]
  -------------------------------------------------------------------
                         required time                         -1.511    
                         arrival time                           1.666    
  -------------------------------------------------------------------
                         slack                                  0.155    

Slack (MET) :             0.156ns  (arrival time - required time)
  Source:                 MIDDLEWARE/FIFO_DOUT_reg[19]/C
                            (rising edge-triggered cell FDRE clocked by clk_100  {rise@0.000ns fall@5.000ns period=10.000ns})
  Destination:            DUT/DUT_02/DUT/bram_block_reg/ADDRARDADDR[7]
                            (rising edge-triggered cell RAMB18E1 clocked by clk_100  {rise@0.000ns fall@5.000ns period=10.000ns})
  Path Group:             clk_100
  Path Type:              Hold (Min at Fast Process Corner)
  Requirement:            0.000ns  (clk_100 rise@0.000ns - clk_100 rise@0.000ns)
  Data Path Delay:        0.412ns  (logic 0.164ns (39.785%)  route 0.248ns (60.215%))
  Logic Levels:           0  
  Clock Path Skew:        0.074ns (DCD - SCD - CPR)
    Destination Clock Delay (DCD):    1.955ns
    Source Clock Delay      (SCD):    1.405ns
    Clock Pessimism Removal (CPR):    0.477ns

    Location             Delay type                Incr(ns)  Path(ns)    Netlist Resource(s)
  -------------------------------------------------------------------    -------------------
                         (clock clk_100 rise edge)    0.000     0.000 r  
    H11                                               0.000     0.000 r  CLK_SYS (IN)
                         net (fo=0)                   0.000     0.000    CLK_SYS
    H11                  IBUF (Prop_ibuf_I_O)         0.206     0.206 r  CLK_SYS_IBUF_inst/O
                         net (fo=1, routed)           0.607     0.813    CLK_SYS_IBUF
    BUFGCTRL_X0Y0        BUFG (Prop_bufg_I_O)         0.026     0.839 r  CLK_SYS_IBUF_BUFG_inst/O
                         net (fo=122, routed)         0.566     1.405    MIDDLEWARE/CLK
    SLICE_X28Y4          FDRE                                         r  MIDDLEWARE/FIFO_DOUT_reg[19]/C
  -------------------------------------------------------------------    -------------------
    SLICE_X28Y4          FDRE (Prop_fdre_C_Q)         0.164     1.569 r  MIDDLEWARE/FIFO_DOUT_reg[19]/Q
                         net (fo=2, routed)           0.248     1.817    DUT/DUT_02/DUT/ADDRARDADDR[3]
    RAMB18_X0Y0          RAMB18E1                                     r  DUT/DUT_02/DUT/bram_block_reg/ADDRARDADDR[7]
  -------------------------------------------------------------------    -------------------

                         (clock clk_100 rise edge)    0.000     0.000 r  
    H11                                               0.000     0.000 r  CLK_SYS (IN)
                         net (fo=0)                   0.000     0.000    CLK_SYS
    H11                  IBUF (Prop_ibuf_I_O)         0.393     0.393 r  CLK_SYS_IBUF_inst/O
                         net (fo=1, routed)           0.660     1.053    CLK_SYS_IBUF
    BUFGCTRL_X0Y0        BUFG (Prop_bufg_I_O)         0.029     1.082 r  CLK_SYS_IBUF_BUFG_inst/O
                         net (fo=122, routed)         0.873     1.955    DUT/DUT_02/DUT/CLK
    RAMB18_X0Y0          RAMB18E1                                     r  DUT/DUT_02/DUT/bram_block_reg/CLKARDCLK
                         clock pessimism             -0.477     1.478    
    RAMB18_X0Y0          RAMB18E1 (Hold_ramb18e1_CLKARDCLK_ADDRARDADDR[7])
                                                      0.183     1.661    DUT/DUT_02/DUT/bram_block_reg
  -------------------------------------------------------------------
                         required time                         -1.661    
                         arrival time                           1.817    
  -------------------------------------------------------------------
                         slack                                  0.156    

Slack (MET) :             0.159ns  (arrival time - required time)
  Source:                 SPI_MOD/buffer_reg[16]/C
                            (rising edge-triggered cell FDRE clocked by clk_100  {rise@0.000ns fall@5.000ns period=10.000ns})
  Destination:            SPI_MOD/DFOR_MIDDLEWARE_reg[16]/D
                            (rising edge-triggered cell FDRE clocked by clk_100  {rise@0.000ns fall@5.000ns period=10.000ns})
  Path Group:             clk_100
  Path Type:              Hold (Min at Fast Process Corner)
  Requirement:            0.000ns  (clk_100 rise@0.000ns - clk_100 rise@0.000ns)
  Data Path Delay:        0.269ns  (logic 0.141ns (52.461%)  route 0.128ns (47.539%))
  Logic Levels:           0  
  Clock Path Skew:        0.035ns (DCD - SCD - CPR)
    Destination Clock Delay (DCD):    1.917ns
    Source Clock Delay      (SCD):    1.405ns
    Clock Pessimism Removal (CPR):    0.477ns

    Location             Delay type                Incr(ns)  Path(ns)    Netlist Resource(s)
  -------------------------------------------------------------------    -------------------
                         (clock clk_100 rise edge)    0.000     0.000 r  
    H11                                               0.000     0.000 r  CLK_SYS (IN)
                         net (fo=0)                   0.000     0.000    CLK_SYS
    H11                  IBUF (Prop_ibuf_I_O)         0.206     0.206 r  CLK_SYS_IBUF_inst/O
                         net (fo=1, routed)           0.607     0.813    CLK_SYS_IBUF
    BUFGCTRL_X0Y0        BUFG (Prop_bufg_I_O)         0.026     0.839 r  CLK_SYS_IBUF_BUFG_inst/O
                         net (fo=122, routed)         0.566     1.405    SPI_MOD/CLK
    SLICE_X29Y3          FDRE                                         r  SPI_MOD/buffer_reg[16]/C
  -------------------------------------------------------------------    -------------------
    SLICE_X29Y3          FDRE (Prop_fdre_C_Q)         0.141     1.546 r  SPI_MOD/buffer_reg[16]/Q
                         net (fo=2, routed)           0.128     1.673    SPI_MOD/buffer_reg_n_0_[16]
    SLICE_X30Y3          FDRE                                         r  SPI_MOD/DFOR_MIDDLEWARE_reg[16]/D
  -------------------------------------------------------------------    -------------------

                         (clock clk_100 rise edge)    0.000     0.000 r  
    H11                                               0.000     0.000 r  CLK_SYS (IN)
                         net (fo=0)                   0.000     0.000    CLK_SYS
    H11                  IBUF (Prop_ibuf_I_O)         0.393     0.393 r  CLK_SYS_IBUF_inst/O
                         net (fo=1, routed)           0.660     1.053    CLK_SYS_IBUF
    BUFGCTRL_X0Y0        BUFG (Prop_bufg_I_O)         0.029     1.082 r  CLK_SYS_IBUF_BUFG_inst/O
                         net (fo=122, routed)         0.835     1.917    SPI_MOD/CLK
    SLICE_X30Y3          FDRE                                         r  SPI_MOD/DFOR_MIDDLEWARE_reg[16]/C
                         clock pessimism             -0.477     1.440    
    SLICE_X30Y3          FDRE (Hold_fdre_C_D)         0.075     1.515    SPI_MOD/DFOR_MIDDLEWARE_reg[16]
  -------------------------------------------------------------------
                         required time                         -1.515    
                         arrival time                           1.673    
  -------------------------------------------------------------------
                         slack                                  0.159    





Pulse Width Checks
--------------------------------------------------------------------------------------
Clock Name:         clk_100
Waveform(ns):       { 0.000 5.000 }
Period(ns):         10.000
Sources:            { CLK_SYS }

Check Type        Corner  Lib Pin             Reference Pin  Required(ns)  Actual(ns)  Slack(ns)  Location       Pin
Min Period        n/a     RAMB18E1/CLKARDCLK  n/a            2.170         10.000      7.830      RAMB18_X0Y0    DUT/DUT_02/DUT/bram_block_reg/CLKARDCLK
Min Period        n/a     BUFG/I              n/a            1.592         10.000      8.408      BUFGCTRL_X0Y0  CLK_SYS_IBUF_BUFG_inst/I
Min Period        n/a     FDRE/C              n/a            1.000         10.000      9.000      SLICE_X30Y2    DUT/DUT_01/DATA_OUT_reg[0]/C
Min Period        n/a     FDRE/C              n/a            1.000         10.000      9.000      SLICE_X30Y0    DUT/DUT_01/DATA_OUT_reg[10]/C
Min Period        n/a     FDRE/C              n/a            1.000         10.000      9.000      SLICE_X30Y0    DUT/DUT_01/DATA_OUT_reg[11]/C
Min Period        n/a     FDRE/C              n/a            1.000         10.000      9.000      SLICE_X30Y0    DUT/DUT_01/DATA_OUT_reg[12]/C
Min Period        n/a     FDRE/C              n/a            1.000         10.000      9.000      SLICE_X30Y0    DUT/DUT_01/DATA_OUT_reg[13]/C
Min Period        n/a     FDRE/C              n/a            1.000         10.000      9.000      SLICE_X30Y0    DUT/DUT_01/DATA_OUT_reg[14]/C
Min Period        n/a     FDRE/C              n/a            1.000         10.000      9.000      SLICE_X30Y2    DUT/DUT_01/DATA_OUT_reg[15]/C
Min Period        n/a     FDRE/C              n/a            1.000         10.000      9.000      SLICE_X30Y2    DUT/DUT_01/DATA_OUT_reg[1]/C
Low Pulse Width   Slow    FDRE/C              n/a            0.500         5.000       4.500      SLICE_X30Y2    DUT/DUT_01/DATA_OUT_reg[0]/C
Low Pulse Width   Fast    FDRE/C              n/a            0.500         5.000       4.500      SLICE_X30Y2    DUT/DUT_01/DATA_OUT_reg[0]/C
Low Pulse Width   Slow    FDRE/C              n/a            0.500         5.000       4.500      SLICE_X30Y0    DUT/DUT_01/DATA_OUT_reg[10]/C
Low Pulse Width   Fast    FDRE/C              n/a            0.500         5.000       4.500      SLICE_X30Y0    DUT/DUT_01/DATA_OUT_reg[10]/C
Low Pulse Width   Slow    FDRE/C              n/a            0.500         5.000       4.500      SLICE_X30Y0    DUT/DUT_01/DATA_OUT_reg[11]/C
Low Pulse Width   Fast    FDRE/C              n/a            0.500         5.000       4.500      SLICE_X30Y0    DUT/DUT_01/DATA_OUT_reg[11]/C
Low Pulse Width   Slow    FDRE/C              n/a            0.500         5.000       4.500      SLICE_X30Y0    DUT/DUT_01/DATA_OUT_reg[12]/C
Low Pulse Width   Fast    FDRE/C              n/a            0.500         5.000       4.500      SLICE_X30Y0    DUT/DUT_01/DATA_OUT_reg[12]/C
Low Pulse Width   Slow    FDRE/C              n/a            0.500         5.000       4.500      SLICE_X30Y0    DUT/DUT_01/DATA_OUT_reg[13]/C
Low Pulse Width   Fast    FDRE/C              n/a            0.500         5.000       4.500      SLICE_X30Y0    DUT/DUT_01/DATA_OUT_reg[13]/C
High Pulse Width  Slow    FDRE/C              n/a            0.500         5.000       4.500      SLICE_X30Y2    DUT/DUT_01/DATA_OUT_reg[0]/C
High Pulse Width  Fast    FDRE/C              n/a            0.500         5.000       4.500      SLICE_X30Y2    DUT/DUT_01/DATA_OUT_reg[0]/C
High Pulse Width  Slow    FDRE/C              n/a            0.500         5.000       4.500      SLICE_X30Y0    DUT/DUT_01/DATA_OUT_reg[10]/C
High Pulse Width  Fast    FDRE/C              n/a            0.500         5.000       4.500      SLICE_X30Y0    DUT/DUT_01/DATA_OUT_reg[10]/C
High Pulse Width  Slow    FDRE/C              n/a            0.500         5.000       4.500      SLICE_X30Y0    DUT/DUT_01/DATA_OUT_reg[11]/C
High Pulse Width  Fast    FDRE/C              n/a            0.500         5.000       4.500      SLICE_X30Y0    DUT/DUT_01/DATA_OUT_reg[11]/C
High Pulse Width  Slow    FDRE/C              n/a            0.500         5.000       4.500      SLICE_X30Y0    DUT/DUT_01/DATA_OUT_reg[12]/C
High Pulse Width  Fast    FDRE/C              n/a            0.500         5.000       4.500      SLICE_X30Y0    DUT/DUT_01/DATA_OUT_reg[12]/C
High Pulse Width  Slow    FDRE/C              n/a            0.500         5.000       4.500      SLICE_X30Y0    DUT/DUT_01/DATA_OUT_reg[13]/C
High Pulse Width  Fast    FDRE/C              n/a            0.500         5.000       4.500      SLICE_X30Y0    DUT/DUT_01/DATA_OUT_reg[13]/C



--------------------------------------------------------------------------------------
Path Group:  (none)
From Clock:  
  To Clock:  

Max Delay             1 Endpoint
Min Delay             1 Endpoint
--------------------------------------------------------------------------------------


Max Delay Paths
--------------------------------------------------------------------------------------
Slack:                    inf
  Source:                 SPI_CSN
                            (input port)
  Destination:            SPI_MISO
                            (output port)
  Path Group:             (none)
  Path Type:              Max at Slow Process Corner
  Data Path Delay:        6.371ns  (logic 4.716ns (74.024%)  route 1.655ns (25.976%))
  Logic Levels:           2  (IBUF=1 OBUFT=1)

    Location             Delay type                Incr(ns)  Path(ns)    Netlist Resource(s)
  -------------------------------------------------------------------    -------------------
    P12                                               0.000     0.000 f  SPI_CSN (IN)
                         net (fo=0)                   0.000     0.000    SPI_CSN
    P12                  IBUF (Prop_ibuf_I_O)         1.422     1.422 f  SPI_CSN_IBUF_inst/O
                         net (fo=7, routed)           1.655     3.077    SPI_MISO_TRI
    M12                  OBUFT (TriStatE_obuft_T_O)
                                                      3.294     6.371 r  SPI_MISO_OBUFT_inst/O
                         net (fo=0)                   0.000     6.371    SPI_MISO
    M12                                                               r  SPI_MISO (OUT)
  -------------------------------------------------------------------    -------------------





Min Delay Paths
--------------------------------------------------------------------------------------
Slack:                    inf
  Source:                 SPI_CSN
                            (input port)
  Destination:            SPI_MISO
                            (output port)
  Path Group:             (none)
  Path Type:              Min at Fast Process Corner
  Data Path Delay:        1.764ns  (logic 1.082ns (61.350%)  route 0.682ns (38.650%))
  Logic Levels:           2  (IBUF=1 OBUFT=1)

    Location             Delay type                Incr(ns)  Path(ns)    Netlist Resource(s)
  -------------------------------------------------------------------    -------------------
    P12                                               0.000     0.000 r  SPI_CSN (IN)
                         net (fo=0)                   0.000     0.000    SPI_CSN
    P12                  IBUF (Prop_ibuf_I_O)         0.258     0.258 r  SPI_CSN_IBUF_inst/O
                         net (fo=7, routed)           0.682     0.940    SPI_MISO_TRI
    M12                  OBUFT (TriStatD_obuft_T_O)
                                                      0.824     1.764 r  SPI_MISO_OBUFT_inst/O
                         net (fo=0)                   0.000     1.764    SPI_MISO
    M12                                                               r  SPI_MISO (OUT)
  -------------------------------------------------------------------    -------------------





--------------------------------------------------------------------------------------
Path Group:  (none)
From Clock:  clk_100
  To Clock:  

Max Delay             3 Endpoints
Min Delay             3 Endpoints
--------------------------------------------------------------------------------------


Max Delay Paths
--------------------------------------------------------------------------------------
Slack:                    inf
  Source:                 MIDDLEWARE/shift_test_reg[0]/C
                            (rising edge-triggered cell FDRE clocked by clk_100  {rise@0.000ns fall@5.000ns period=10.000ns})
  Destination:            FPGA_BUSY
                            (output port)
  Path Group:             (none)
  Path Type:              Max at Slow Process Corner
  Data Path Delay:        7.390ns  (logic 3.989ns (53.977%)  route 3.401ns (46.023%))
  Logic Levels:           2  (LUT5=1 OBUF=1)
  Clock Uncertainty:      0.025ns  ((TSJ^2 + TIJ^2)^1/2 + DJ) / 2 + PE
    Total System Jitter     (TSJ):    0.050ns
    Total Input Jitter      (TIJ):    0.000ns
    Discrete Jitter          (DJ):    0.000ns
    Phase Error              (PE):    0.000ns

    Location             Delay type                Incr(ns)  Path(ns)    Netlist Resource(s)
  -------------------------------------------------------------------    -------------------
                         (clock clk_100 rise edge)    0.000     0.000 r  
    H11                                               0.000     0.000 r  CLK_SYS (IN)
                         net (fo=0)                   0.000     0.000    CLK_SYS
    H11                  IBUF (Prop_ibuf_I_O)         1.369     1.369 r  CLK_SYS_IBUF_inst/O
                         net (fo=1, routed)           1.630     2.999    CLK_SYS_IBUF
    BUFGCTRL_X0Y0        BUFG (Prop_bufg_I_O)         0.081     3.080 r  CLK_SYS_IBUF_BUFG_inst/O
                         net (fo=122, routed)         1.370     4.449    MIDDLEWARE/CLK
    SLICE_X28Y2          FDRE                                         r  MIDDLEWARE/shift_test_reg[0]/C
  -------------------------------------------------------------------    -------------------
    SLICE_X28Y2          FDRE (Prop_fdre_C_Q)         0.433     4.882 r  MIDDLEWARE/shift_test_reg[0]/Q
                         net (fo=4, routed)           0.940     5.822    MIDDLEWARE/shift_test[0]
    SLICE_X28Y2          LUT5 (Prop_lut5_I3_O)        0.115     5.937 r  MIDDLEWARE/FPGA_BUSY_OBUF_inst_i_1/O
                         net (fo=1, routed)           2.461     8.398    FPGA_BUSY_OBUF
    L12                  OBUF (Prop_obuf_I_O)         3.441    11.839 r  FPGA_BUSY_OBUF_inst/O
                         net (fo=0)                   0.000    11.839    FPGA_BUSY
    L12                                                               r  FPGA_BUSY (OUT)
  -------------------------------------------------------------------    -------------------

Slack:                    inf
  Source:                 MIDDLEWARE/LED_CONTROL_reg/C
                            (rising edge-triggered cell FDSE clocked by clk_100  {rise@0.000ns fall@5.000ns period=10.000ns})
  Destination:            LED
                            (output port)
  Path Group:             (none)
  Path Type:              Max at Slow Process Corner
  Data Path Delay:        6.279ns  (logic 3.764ns (59.953%)  route 2.514ns (40.047%))
  Logic Levels:           1  (OBUF=1)
  Clock Uncertainty:      0.025ns  ((TSJ^2 + TIJ^2)^1/2 + DJ) / 2 + PE
    Total System Jitter     (TSJ):    0.050ns
    Total Input Jitter      (TIJ):    0.000ns
    Discrete Jitter          (DJ):    0.000ns
    Phase Error              (PE):    0.000ns

    Location             Delay type                Incr(ns)  Path(ns)    Netlist Resource(s)
  -------------------------------------------------------------------    -------------------
                         (clock clk_100 rise edge)    0.000     0.000 r  
    H11                                               0.000     0.000 r  CLK_SYS (IN)
                         net (fo=0)                   0.000     0.000    CLK_SYS
    H11                  IBUF (Prop_ibuf_I_O)         1.369     1.369 r  CLK_SYS_IBUF_inst/O
                         net (fo=1, routed)           1.630     2.999    CLK_SYS_IBUF
    BUFGCTRL_X0Y0        BUFG (Prop_bufg_I_O)         0.081     3.080 r  CLK_SYS_IBUF_BUFG_inst/O
                         net (fo=122, routed)         1.370     4.449    MIDDLEWARE/CLK
    SLICE_X28Y3          FDSE                                         r  MIDDLEWARE/LED_CONTROL_reg/C
  -------------------------------------------------------------------    -------------------
    SLICE_X28Y3          FDSE (Prop_fdse_C_Q)         0.398     4.847 r  MIDDLEWARE/LED_CONTROL_reg/Q
                         net (fo=2, routed)           2.514     7.362    LED_OBUF
    H12                  OBUF (Prop_obuf_I_O)         3.366    10.728 r  LED_OBUF_inst/O
                         net (fo=0)                   0.000    10.728    LED
    H12                                                               r  LED (OUT)
  -------------------------------------------------------------------    -------------------

Slack:                    inf
  Source:                 SPI_MOD/miso_bit_reg/C
                            (rising edge-triggered cell FDRE clocked by clk_100  {rise@0.000ns fall@5.000ns period=10.000ns})
  Destination:            SPI_MISO
                            (output port)
  Path Group:             (none)
  Path Type:              Max at Slow Process Corner
  Data Path Delay:        5.862ns  (logic 3.642ns (62.119%)  route 2.221ns (37.881%))
  Logic Levels:           1  (OBUFT=1)
  Clock Uncertainty:      0.025ns  ((TSJ^2 + TIJ^2)^1/2 + DJ) / 2 + PE
    Total System Jitter     (TSJ):    0.050ns
    Total Input Jitter      (TIJ):    0.000ns
    Discrete Jitter          (DJ):    0.000ns
    Phase Error              (PE):    0.000ns

    Location             Delay type                Incr(ns)  Path(ns)    Netlist Resource(s)
  -------------------------------------------------------------------    -------------------
                         (clock clk_100 rise edge)    0.000     0.000 r  
    H11                                               0.000     0.000 r  CLK_SYS (IN)
                         net (fo=0)                   0.000     0.000    CLK_SYS
    H11                  IBUF (Prop_ibuf_I_O)         1.369     1.369 r  CLK_SYS_IBUF_inst/O
                         net (fo=1, routed)           1.630     2.999    CLK_SYS_IBUF
    BUFGCTRL_X0Y0        BUFG (Prop_bufg_I_O)         0.081     3.080 r  CLK_SYS_IBUF_BUFG_inst/O
                         net (fo=122, routed)         1.370     4.449    SPI_MOD/CLK
    SLICE_X27Y3          FDRE                                         r  SPI_MOD/miso_bit_reg/C
  -------------------------------------------------------------------    -------------------
    SLICE_X27Y3          FDRE (Prop_fdre_C_Q)         0.379     4.828 r  SPI_MOD/miso_bit_reg/Q
                         net (fo=2, routed)           2.221     7.049    SPI_MISO_OBUF
    M12                  OBUFT (Prop_obuft_I_O)       3.263    10.312 r  SPI_MISO_OBUFT_inst/O
                         net (fo=0)                   0.000    10.312    SPI_MISO
    M12                                                               r  SPI_MISO (OUT)
  -------------------------------------------------------------------    -------------------





Min Delay Paths
--------------------------------------------------------------------------------------
Slack:                    inf
  Source:                 SPI_MOD/miso_bit_reg/C
                            (rising edge-triggered cell FDRE clocked by clk_100  {rise@0.000ns fall@5.000ns period=10.000ns})
  Destination:            SPI_MISO
                            (output port)
  Path Group:             (none)
  Path Type:              Min at Fast Process Corner
  Data Path Delay:        2.159ns  (logic 1.359ns (62.954%)  route 0.800ns (37.046%))
  Logic Levels:           1  (OBUFT=1)
  Clock Uncertainty:      0.025ns  ((TSJ^2 + TIJ^2)^1/2 + DJ) / 2 + PE
    Total System Jitter     (TSJ):    0.050ns
    Total Input Jitter      (TIJ):    0.000ns
    Discrete Jitter          (DJ):    0.000ns
    Phase Error              (PE):    0.000ns

    Location             Delay type                Incr(ns)  Path(ns)    Netlist Resource(s)
  -------------------------------------------------------------------    -------------------
                         (clock clk_100 rise edge)    0.000     0.000 r  
    H11                                               0.000     0.000 r  CLK_SYS (IN)
                         net (fo=0)                   0.000     0.000    CLK_SYS
    H11                  IBUF (Prop_ibuf_I_O)         0.206     0.206 r  CLK_SYS_IBUF_inst/O
                         net (fo=1, routed)           0.607     0.813    CLK_SYS_IBUF
    BUFGCTRL_X0Y0        BUFG (Prop_bufg_I_O)         0.026     0.839 r  CLK_SYS_IBUF_BUFG_inst/O
                         net (fo=122, routed)         0.565     1.404    SPI_MOD/CLK
    SLICE_X27Y3          FDRE                                         r  SPI_MOD/miso_bit_reg/C
  -------------------------------------------------------------------    -------------------
    SLICE_X27Y3          FDRE (Prop_fdre_C_Q)         0.141     1.545 r  SPI_MOD/miso_bit_reg/Q
                         net (fo=2, routed)           0.800     2.345    SPI_MISO_OBUF
    M12                  OBUFT (Prop_obuft_I_O)       1.218     3.563 r  SPI_MISO_OBUFT_inst/O
                         net (fo=0)                   0.000     3.563    SPI_MISO
    M12                                                               r  SPI_MISO (OUT)
  -------------------------------------------------------------------    -------------------

Slack:                    inf
  Source:                 MIDDLEWARE/LED_CONTROL_reg/C
                            (rising edge-triggered cell FDSE clocked by clk_100  {rise@0.000ns fall@5.000ns period=10.000ns})
  Destination:            LED
                            (output port)
  Path Group:             (none)
  Path Type:              Min at Fast Process Corner
  Data Path Delay:        2.369ns  (logic 1.396ns (58.917%)  route 0.973ns (41.083%))
  Logic Levels:           1  (OBUF=1)
  Clock Uncertainty:      0.025ns  ((TSJ^2 + TIJ^2)^1/2 + DJ) / 2 + PE
    Total System Jitter     (TSJ):    0.050ns
    Total Input Jitter      (TIJ):    0.000ns
    Discrete Jitter          (DJ):    0.000ns
    Phase Error              (PE):    0.000ns

    Location             Delay type                Incr(ns)  Path(ns)    Netlist Resource(s)
  -------------------------------------------------------------------    -------------------
                         (clock clk_100 rise edge)    0.000     0.000 r  
    H11                                               0.000     0.000 r  CLK_SYS (IN)
                         net (fo=0)                   0.000     0.000    CLK_SYS
    H11                  IBUF (Prop_ibuf_I_O)         0.206     0.206 r  CLK_SYS_IBUF_inst/O
                         net (fo=1, routed)           0.607     0.813    CLK_SYS_IBUF
    BUFGCTRL_X0Y0        BUFG (Prop_bufg_I_O)         0.026     0.839 r  CLK_SYS_IBUF_BUFG_inst/O
                         net (fo=122, routed)         0.566     1.405    MIDDLEWARE/CLK
    SLICE_X28Y3          FDSE                                         r  MIDDLEWARE/LED_CONTROL_reg/C
  -------------------------------------------------------------------    -------------------
    SLICE_X28Y3          FDSE (Prop_fdse_C_Q)         0.148     1.553 r  MIDDLEWARE/LED_CONTROL_reg/Q
                         net (fo=2, routed)           0.973     2.526    LED_OBUF
    H12                  OBUF (Prop_obuf_I_O)         1.248     3.774 r  LED_OBUF_inst/O
                         net (fo=0)                   0.000     3.774    LED
    H12                                                               r  LED (OUT)
  -------------------------------------------------------------------    -------------------

Slack:                    inf
  Source:                 DUT/DUT_01/first_run_done_reg/C
                            (rising edge-triggered cell FDRE clocked by clk_100  {rise@0.000ns fall@5.000ns period=10.000ns})
  Destination:            FPGA_BUSY
                            (output port)
  Path Group:             (none)
  Path Type:              Min at Fast Process Corner
  Data Path Delay:        2.602ns  (logic 1.515ns (58.226%)  route 1.087ns (41.774%))
  Logic Levels:           2  (LUT5=1 OBUF=1)
  Clock Uncertainty:      0.025ns  ((TSJ^2 + TIJ^2)^1/2 + DJ) / 2 + PE
    Total System Jitter     (TSJ):    0.050ns
    Total Input Jitter      (TIJ):    0.000ns
    Discrete Jitter          (DJ):    0.000ns
    Phase Error              (PE):    0.000ns

    Location             Delay type                Incr(ns)  Path(ns)    Netlist Resource(s)
  -------------------------------------------------------------------    -------------------
                         (clock clk_100 rise edge)    0.000     0.000 r  
    H11                                               0.000     0.000 r  CLK_SYS (IN)
                         net (fo=0)                   0.000     0.000    CLK_SYS
    H11                  IBUF (Prop_ibuf_I_O)         0.206     0.206 r  CLK_SYS_IBUF_inst/O
                         net (fo=1, routed)           0.607     0.813    CLK_SYS_IBUF
    BUFGCTRL_X0Y0        BUFG (Prop_bufg_I_O)         0.026     0.839 r  CLK_SYS_IBUF_BUFG_inst/O
                         net (fo=122, routed)         0.567     1.406    DUT/DUT_01/CLK
    SLICE_X28Y0          FDRE                                         r  DUT/DUT_01/first_run_done_reg/C
  -------------------------------------------------------------------    -------------------
    SLICE_X28Y0          FDRE (Prop_fdre_C_Q)         0.164     1.570 f  DUT/DUT_01/first_run_done_reg/Q
                         net (fo=1, routed)           0.146     1.716    MIDDLEWARE/first_run_done
    SLICE_X28Y2          LUT5 (Prop_lut5_I0_O)        0.048     1.764 r  MIDDLEWARE/FPGA_BUSY_OBUF_inst_i_1/O
                         net (fo=1, routed)           0.941     2.705    FPGA_BUSY_OBUF
    L12                  OBUF (Prop_obuf_I_O)         1.303     4.007 r  FPGA_BUSY_OBUF_inst/O
                         net (fo=0)                   0.000     4.007    FPGA_BUSY
    L12                                                               r  FPGA_BUSY (OUT)
  -------------------------------------------------------------------    -------------------





--------------------------------------------------------------------------------------
Path Group:  (none)
From Clock:  
  To Clock:  clk_100

Max Delay           152 Endpoints
Min Delay           152 Endpoints
--------------------------------------------------------------------------------------


Max Delay Paths
--------------------------------------------------------------------------------------
Slack:                    inf
  Source:                 RSTN
                            (input port)
  Destination:            MIDDLEWARE/DUT_DIN_reg[7]/R
                            (rising edge-triggered cell FDRE clocked by clk_100  {rise@0.000ns fall@5.000ns period=10.000ns})
  Path Group:             (none)
  Path Type:              Setup (Max at Slow Process Corner)
  Data Path Delay:        4.601ns  (logic 1.500ns (32.596%)  route 3.101ns (67.404%))
  Logic Levels:           2  (IBUF=1 LUT1=1)
  Clock Path Skew:        4.248ns (DCD - SCD + CPR)
    Destination Clock Delay (DCD):    4.248ns
    Source Clock Delay      (SCD):    0.000ns
    Clock Pessimism Removal (CPR):    0.000ns
  Clock Uncertainty:      0.025ns  ((TSJ^2 + TIJ^2)^1/2 + DJ) / 2 + PE
    Total System Jitter     (TSJ):    0.050ns
    Total Input Jitter      (TIJ):    0.000ns
    Discrete Jitter          (DJ):    0.000ns
    Phase Error              (PE):    0.000ns

    Location             Delay type                Incr(ns)  Path(ns)    Netlist Resource(s)
  -------------------------------------------------------------------    -------------------
    P10                                               0.000     0.000 f  RSTN (IN)
                         net (fo=0)                   0.000     0.000    RSTN
    P10                  IBUF (Prop_ibuf_I_O)         1.395     1.395 f  RSTN_IBUF_inst/O
                         net (fo=5, routed)           1.902     3.296    SPI_MOD/RSTN_IBUF
    SLICE_X28Y2          LUT1 (Prop_lut1_I0_O)        0.105     3.401 r  SPI_MOD/FSM_sequential_state[1]_i_1/O
                         net (fo=102, routed)         1.199     4.601    MIDDLEWARE/SR[0]
    SLICE_X32Y2          FDRE                                         r  MIDDLEWARE/DUT_DIN_reg[7]/R
  -------------------------------------------------------------------    -------------------

                         (clock clk_100 rise edge)    0.000     0.000 r  
    H11                                               0.000     0.000 r  CLK_SYS (IN)
                         net (fo=0)                   0.000     0.000    CLK_SYS
    H11                  IBUF (Prop_ibuf_I_O)         1.303     1.303 r  CLK_SYS_IBUF_inst/O
                         net (fo=1, routed)           1.541     2.844    CLK_SYS_IBUF
    BUFGCTRL_X0Y0        BUFG (Prop_bufg_I_O)         0.077     2.921 r  CLK_SYS_IBUF_BUFG_inst/O
                         net (fo=122, routed)         1.327     4.248    MIDDLEWARE/CLK
    SLICE_X32Y2          FDRE                                         r  MIDDLEWARE/DUT_DIN_reg[7]/C

Slack:                    inf
  Source:                 RSTN
                            (input port)
  Destination:            MIDDLEWARE/DUT_DIN_reg[10]/R
                            (rising edge-triggered cell FDRE clocked by clk_100  {rise@0.000ns fall@5.000ns period=10.000ns})
  Path Group:             (none)
  Path Type:              Setup (Max at Slow Process Corner)
  Data Path Delay:        4.492ns  (logic 1.500ns (33.383%)  route 2.993ns (66.617%))
  Logic Levels:           2  (IBUF=1 LUT1=1)
  Clock Path Skew:        4.248ns (DCD - SCD + CPR)
    Destination Clock Delay (DCD):    4.248ns
    Source Clock Delay      (SCD):    0.000ns
    Clock Pessimism Removal (CPR):    0.000ns
  Clock Uncertainty:      0.025ns  ((TSJ^2 + TIJ^2)^1/2 + DJ) / 2 + PE
    Total System Jitter     (TSJ):    0.050ns
    Total Input Jitter      (TIJ):    0.000ns
    Discrete Jitter          (DJ):    0.000ns
    Phase Error              (PE):    0.000ns

    Location             Delay type                Incr(ns)  Path(ns)    Netlist Resource(s)
  -------------------------------------------------------------------    -------------------
    P10                                               0.000     0.000 f  RSTN (IN)
                         net (fo=0)                   0.000     0.000    RSTN
    P10                  IBUF (Prop_ibuf_I_O)         1.395     1.395 f  RSTN_IBUF_inst/O
                         net (fo=5, routed)           1.902     3.296    SPI_MOD/RSTN_IBUF
    SLICE_X28Y2          LUT1 (Prop_lut1_I0_O)        0.105     3.401 r  SPI_MOD/FSM_sequential_state[1]_i_1/O
                         net (fo=102, routed)         1.091     4.492    MIDDLEWARE/SR[0]
    SLICE_X32Y1          FDRE                                         r  MIDDLEWARE/DUT_DIN_reg[10]/R
  -------------------------------------------------------------------    -------------------

                         (clock clk_100 rise edge)    0.000     0.000 r  
    H11                                               0.000     0.000 r  CLK_SYS (IN)
                         net (fo=0)                   0.000     0.000    CLK_SYS
    H11                  IBUF (Prop_ibuf_I_O)         1.303     1.303 r  CLK_SYS_IBUF_inst/O
                         net (fo=1, routed)           1.541     2.844    CLK_SYS_IBUF
    BUFGCTRL_X0Y0        BUFG (Prop_bufg_I_O)         0.077     2.921 r  CLK_SYS_IBUF_BUFG_inst/O
                         net (fo=122, routed)         1.327     4.248    MIDDLEWARE/CLK
    SLICE_X32Y1          FDRE                                         r  MIDDLEWARE/DUT_DIN_reg[10]/C

Slack:                    inf
  Source:                 RSTN
                            (input port)
  Destination:            MIDDLEWARE/DUT_DIN_reg[11]/R
                            (rising edge-triggered cell FDRE clocked by clk_100  {rise@0.000ns fall@5.000ns period=10.000ns})
  Path Group:             (none)
  Path Type:              Setup (Max at Slow Process Corner)
  Data Path Delay:        4.492ns  (logic 1.500ns (33.383%)  route 2.993ns (66.617%))
  Logic Levels:           2  (IBUF=1 LUT1=1)
  Clock Path Skew:        4.248ns (DCD - SCD + CPR)
    Destination Clock Delay (DCD):    4.248ns
    Source Clock Delay      (SCD):    0.000ns
    Clock Pessimism Removal (CPR):    0.000ns
  Clock Uncertainty:      0.025ns  ((TSJ^2 + TIJ^2)^1/2 + DJ) / 2 + PE
    Total System Jitter     (TSJ):    0.050ns
    Total Input Jitter      (TIJ):    0.000ns
    Discrete Jitter          (DJ):    0.000ns
    Phase Error              (PE):    0.000ns

    Location             Delay type                Incr(ns)  Path(ns)    Netlist Resource(s)
  -------------------------------------------------------------------    -------------------
    P10                                               0.000     0.000 f  RSTN (IN)
                         net (fo=0)                   0.000     0.000    RSTN
    P10                  IBUF (Prop_ibuf_I_O)         1.395     1.395 f  RSTN_IBUF_inst/O
                         net (fo=5, routed)           1.902     3.296    SPI_MOD/RSTN_IBUF
    SLICE_X28Y2          LUT1 (Prop_lut1_I0_O)        0.105     3.401 r  SPI_MOD/FSM_sequential_state[1]_i_1/O
                         net (fo=102, routed)         1.091     4.492    MIDDLEWARE/SR[0]
    SLICE_X32Y1          FDRE                                         r  MIDDLEWARE/DUT_DIN_reg[11]/R
  -------------------------------------------------------------------    -------------------

                         (clock clk_100 rise edge)    0.000     0.000 r  
    H11                                               0.000     0.000 r  CLK_SYS (IN)
                         net (fo=0)                   0.000     0.000    CLK_SYS
    H11                  IBUF (Prop_ibuf_I_O)         1.303     1.303 r  CLK_SYS_IBUF_inst/O
                         net (fo=1, routed)           1.541     2.844    CLK_SYS_IBUF
    BUFGCTRL_X0Y0        BUFG (Prop_bufg_I_O)         0.077     2.921 r  CLK_SYS_IBUF_BUFG_inst/O
                         net (fo=122, routed)         1.327     4.248    MIDDLEWARE/CLK
    SLICE_X32Y1          FDRE                                         r  MIDDLEWARE/DUT_DIN_reg[11]/C

Slack:                    inf
  Source:                 RSTN
                            (input port)
  Destination:            MIDDLEWARE/DUT_DIN_reg[12]/R
                            (rising edge-triggered cell FDRE clocked by clk_100  {rise@0.000ns fall@5.000ns period=10.000ns})
  Path Group:             (none)
  Path Type:              Setup (Max at Slow Process Corner)
  Data Path Delay:        4.492ns  (logic 1.500ns (33.383%)  route 2.993ns (66.617%))
  Logic Levels:           2  (IBUF=1 LUT1=1)
  Clock Path Skew:        4.248ns (DCD - SCD + CPR)
    Destination Clock Delay (DCD):    4.248ns
    Source Clock Delay      (SCD):    0.000ns
    Clock Pessimism Removal (CPR):    0.000ns
  Clock Uncertainty:      0.025ns  ((TSJ^2 + TIJ^2)^1/2 + DJ) / 2 + PE
    Total System Jitter     (TSJ):    0.050ns
    Total Input Jitter      (TIJ):    0.000ns
    Discrete Jitter          (DJ):    0.000ns
    Phase Error              (PE):    0.000ns

    Location             Delay type                Incr(ns)  Path(ns)    Netlist Resource(s)
  -------------------------------------------------------------------    -------------------
    P10                                               0.000     0.000 f  RSTN (IN)
                         net (fo=0)                   0.000     0.000    RSTN
    P10                  IBUF (Prop_ibuf_I_O)         1.395     1.395 f  RSTN_IBUF_inst/O
                         net (fo=5, routed)           1.902     3.296    SPI_MOD/RSTN_IBUF
    SLICE_X28Y2          LUT1 (Prop_lut1_I0_O)        0.105     3.401 r  SPI_MOD/FSM_sequential_state[1]_i_1/O
                         net (fo=102, routed)         1.091     4.492    MIDDLEWARE/SR[0]
    SLICE_X32Y1          FDRE                                         r  MIDDLEWARE/DUT_DIN_reg[12]/R
  -------------------------------------------------------------------    -------------------

                         (clock clk_100 rise edge)    0.000     0.000 r  
    H11                                               0.000     0.000 r  CLK_SYS (IN)
                         net (fo=0)                   0.000     0.000    CLK_SYS
    H11                  IBUF (Prop_ibuf_I_O)         1.303     1.303 r  CLK_SYS_IBUF_inst/O
                         net (fo=1, routed)           1.541     2.844    CLK_SYS_IBUF
    BUFGCTRL_X0Y0        BUFG (Prop_bufg_I_O)         0.077     2.921 r  CLK_SYS_IBUF_BUFG_inst/O
                         net (fo=122, routed)         1.327     4.248    MIDDLEWARE/CLK
    SLICE_X32Y1          FDRE                                         r  MIDDLEWARE/DUT_DIN_reg[12]/C

Slack:                    inf
  Source:                 RSTN
                            (input port)
  Destination:            MIDDLEWARE/DUT_DIN_reg[13]/R
                            (rising edge-triggered cell FDRE clocked by clk_100  {rise@0.000ns fall@5.000ns period=10.000ns})
  Path Group:             (none)
  Path Type:              Setup (Max at Slow Process Corner)
  Data Path Delay:        4.492ns  (logic 1.500ns (33.383%)  route 2.993ns (66.617%))
  Logic Levels:           2  (IBUF=1 LUT1=1)
  Clock Path Skew:        4.248ns (DCD - SCD + CPR)
    Destination Clock Delay (DCD):    4.248ns
    Source Clock Delay      (SCD):    0.000ns
    Clock Pessimism Removal (CPR):    0.000ns
  Clock Uncertainty:      0.025ns  ((TSJ^2 + TIJ^2)^1/2 + DJ) / 2 + PE
    Total System Jitter     (TSJ):    0.050ns
    Total Input Jitter      (TIJ):    0.000ns
    Discrete Jitter          (DJ):    0.000ns
    Phase Error              (PE):    0.000ns

    Location             Delay type                Incr(ns)  Path(ns)    Netlist Resource(s)
  -------------------------------------------------------------------    -------------------
    P10                                               0.000     0.000 f  RSTN (IN)
                         net (fo=0)                   0.000     0.000    RSTN
    P10                  IBUF (Prop_ibuf_I_O)         1.395     1.395 f  RSTN_IBUF_inst/O
                         net (fo=5, routed)           1.902     3.296    SPI_MOD/RSTN_IBUF
    SLICE_X28Y2          LUT1 (Prop_lut1_I0_O)        0.105     3.401 r  SPI_MOD/FSM_sequential_state[1]_i_1/O
                         net (fo=102, routed)         1.091     4.492    MIDDLEWARE/SR[0]
    SLICE_X32Y1          FDRE                                         r  MIDDLEWARE/DUT_DIN_reg[13]/R
  -------------------------------------------------------------------    -------------------

                         (clock clk_100 rise edge)    0.000     0.000 r  
    H11                                               0.000     0.000 r  CLK_SYS (IN)
                         net (fo=0)                   0.000     0.000    CLK_SYS
    H11                  IBUF (Prop_ibuf_I_O)         1.303     1.303 r  CLK_SYS_IBUF_inst/O
                         net (fo=1, routed)           1.541     2.844    CLK_SYS_IBUF
    BUFGCTRL_X0Y0        BUFG (Prop_bufg_I_O)         0.077     2.921 r  CLK_SYS_IBUF_BUFG_inst/O
                         net (fo=122, routed)         1.327     4.248    MIDDLEWARE/CLK
    SLICE_X32Y1          FDRE                                         r  MIDDLEWARE/DUT_DIN_reg[13]/C

Slack:                    inf
  Source:                 RSTN
                            (input port)
  Destination:            MIDDLEWARE/DUT_DIN_reg[4]/R
                            (rising edge-triggered cell FDRE clocked by clk_100  {rise@0.000ns fall@5.000ns period=10.000ns})
  Path Group:             (none)
  Path Type:              Setup (Max at Slow Process Corner)
  Data Path Delay:        4.492ns  (logic 1.500ns (33.383%)  route 2.993ns (66.617%))
  Logic Levels:           2  (IBUF=1 LUT1=1)
  Clock Path Skew:        4.248ns (DCD - SCD + CPR)
    Destination Clock Delay (DCD):    4.248ns
    Source Clock Delay      (SCD):    0.000ns
    Clock Pessimism Removal (CPR):    0.000ns
  Clock Uncertainty:      0.025ns  ((TSJ^2 + TIJ^2)^1/2 + DJ) / 2 + PE
    Total System Jitter     (TSJ):    0.050ns
    Total Input Jitter      (TIJ):    0.000ns
    Discrete Jitter          (DJ):    0.000ns
    Phase Error              (PE):    0.000ns

    Location             Delay type                Incr(ns)  Path(ns)    Netlist Resource(s)
  -------------------------------------------------------------------    -------------------
    P10                                               0.000     0.000 f  RSTN (IN)
                         net (fo=0)                   0.000     0.000    RSTN
    P10                  IBUF (Prop_ibuf_I_O)         1.395     1.395 f  RSTN_IBUF_inst/O
                         net (fo=5, routed)           1.902     3.296    SPI_MOD/RSTN_IBUF
    SLICE_X28Y2          LUT1 (Prop_lut1_I0_O)        0.105     3.401 r  SPI_MOD/FSM_sequential_state[1]_i_1/O
                         net (fo=102, routed)         1.091     4.492    MIDDLEWARE/SR[0]
    SLICE_X32Y1          FDRE                                         r  MIDDLEWARE/DUT_DIN_reg[4]/R
  -------------------------------------------------------------------    -------------------

                         (clock clk_100 rise edge)    0.000     0.000 r  
    H11                                               0.000     0.000 r  CLK_SYS (IN)
                         net (fo=0)                   0.000     0.000    CLK_SYS
    H11                  IBUF (Prop_ibuf_I_O)         1.303     1.303 r  CLK_SYS_IBUF_inst/O
                         net (fo=1, routed)           1.541     2.844    CLK_SYS_IBUF
    BUFGCTRL_X0Y0        BUFG (Prop_bufg_I_O)         0.077     2.921 r  CLK_SYS_IBUF_BUFG_inst/O
                         net (fo=122, routed)         1.327     4.248    MIDDLEWARE/CLK
    SLICE_X32Y1          FDRE                                         r  MIDDLEWARE/DUT_DIN_reg[4]/C

Slack:                    inf
  Source:                 RSTN
                            (input port)
  Destination:            MIDDLEWARE/DUT_DIN_reg[5]/R
                            (rising edge-triggered cell FDRE clocked by clk_100  {rise@0.000ns fall@5.000ns period=10.000ns})
  Path Group:             (none)
  Path Type:              Setup (Max at Slow Process Corner)
  Data Path Delay:        4.492ns  (logic 1.500ns (33.383%)  route 2.993ns (66.617%))
  Logic Levels:           2  (IBUF=1 LUT1=1)
  Clock Path Skew:        4.248ns (DCD - SCD + CPR)
    Destination Clock Delay (DCD):    4.248ns
    Source Clock Delay      (SCD):    0.000ns
    Clock Pessimism Removal (CPR):    0.000ns
  Clock Uncertainty:      0.025ns  ((TSJ^2 + TIJ^2)^1/2 + DJ) / 2 + PE
    Total System Jitter     (TSJ):    0.050ns
    Total Input Jitter      (TIJ):    0.000ns
    Discrete Jitter          (DJ):    0.000ns
    Phase Error              (PE):    0.000ns

    Location             Delay type                Incr(ns)  Path(ns)    Netlist Resource(s)
  -------------------------------------------------------------------    -------------------
    P10                                               0.000     0.000 f  RSTN (IN)
                         net (fo=0)                   0.000     0.000    RSTN
    P10                  IBUF (Prop_ibuf_I_O)         1.395     1.395 f  RSTN_IBUF_inst/O
                         net (fo=5, routed)           1.902     3.296    SPI_MOD/RSTN_IBUF
    SLICE_X28Y2          LUT1 (Prop_lut1_I0_O)        0.105     3.401 r  SPI_MOD/FSM_sequential_state[1]_i_1/O
                         net (fo=102, routed)         1.091     4.492    MIDDLEWARE/SR[0]
    SLICE_X32Y1          FDRE                                         r  MIDDLEWARE/DUT_DIN_reg[5]/R
  -------------------------------------------------------------------    -------------------

                         (clock clk_100 rise edge)    0.000     0.000 r  
    H11                                               0.000     0.000 r  CLK_SYS (IN)
                         net (fo=0)                   0.000     0.000    CLK_SYS
    H11                  IBUF (Prop_ibuf_I_O)         1.303     1.303 r  CLK_SYS_IBUF_inst/O
                         net (fo=1, routed)           1.541     2.844    CLK_SYS_IBUF
    BUFGCTRL_X0Y0        BUFG (Prop_bufg_I_O)         0.077     2.921 r  CLK_SYS_IBUF_BUFG_inst/O
                         net (fo=122, routed)         1.327     4.248    MIDDLEWARE/CLK
    SLICE_X32Y1          FDRE                                         r  MIDDLEWARE/DUT_DIN_reg[5]/C

Slack:                    inf
  Source:                 RSTN
                            (input port)
  Destination:            MIDDLEWARE/DUT_DIN_reg[9]/R
                            (rising edge-triggered cell FDRE clocked by clk_100  {rise@0.000ns fall@5.000ns period=10.000ns})
  Path Group:             (none)
  Path Type:              Setup (Max at Slow Process Corner)
  Data Path Delay:        4.492ns  (logic 1.500ns (33.383%)  route 2.993ns (66.617%))
  Logic Levels:           2  (IBUF=1 LUT1=1)
  Clock Path Skew:        4.248ns (DCD - SCD + CPR)
    Destination Clock Delay (DCD):    4.248ns
    Source Clock Delay      (SCD):    0.000ns
    Clock Pessimism Removal (CPR):    0.000ns
  Clock Uncertainty:      0.025ns  ((TSJ^2 + TIJ^2)^1/2 + DJ) / 2 + PE
    Total System Jitter     (TSJ):    0.050ns
    Total Input Jitter      (TIJ):    0.000ns
    Discrete Jitter          (DJ):    0.000ns
    Phase Error              (PE):    0.000ns

    Location             Delay type                Incr(ns)  Path(ns)    Netlist Resource(s)
  -------------------------------------------------------------------    -------------------
    P10                                               0.000     0.000 f  RSTN (IN)
                         net (fo=0)                   0.000     0.000    RSTN
    P10                  IBUF (Prop_ibuf_I_O)         1.395     1.395 f  RSTN_IBUF_inst/O
                         net (fo=5, routed)           1.902     3.296    SPI_MOD/RSTN_IBUF
    SLICE_X28Y2          LUT1 (Prop_lut1_I0_O)        0.105     3.401 r  SPI_MOD/FSM_sequential_state[1]_i_1/O
                         net (fo=102, routed)         1.091     4.492    MIDDLEWARE/SR[0]
    SLICE_X32Y1          FDRE                                         r  MIDDLEWARE/DUT_DIN_reg[9]/R
  -------------------------------------------------------------------    -------------------

                         (clock clk_100 rise edge)    0.000     0.000 r  
    H11                                               0.000     0.000 r  CLK_SYS (IN)
                         net (fo=0)                   0.000     0.000    CLK_SYS
    H11                  IBUF (Prop_ibuf_I_O)         1.303     1.303 r  CLK_SYS_IBUF_inst/O
                         net (fo=1, routed)           1.541     2.844    CLK_SYS_IBUF
    BUFGCTRL_X0Y0        BUFG (Prop_bufg_I_O)         0.077     2.921 r  CLK_SYS_IBUF_BUFG_inst/O
                         net (fo=122, routed)         1.327     4.248    MIDDLEWARE/CLK
    SLICE_X32Y1          FDRE                                         r  MIDDLEWARE/DUT_DIN_reg[9]/C

Slack:                    inf
  Source:                 RSTN
                            (input port)
  Destination:            SPI_MOD/DFOR_MIDDLEWARE_reg[10]/R
                            (rising edge-triggered cell FDRE clocked by clk_100  {rise@0.000ns fall@5.000ns period=10.000ns})
  Path Group:             (none)
  Path Type:              Setup (Max at Slow Process Corner)
  Data Path Delay:        4.489ns  (logic 1.500ns (33.411%)  route 2.989ns (66.589%))
  Logic Levels:           2  (IBUF=1 LUT1=1)
  Clock Path Skew:        4.248ns (DCD - SCD + CPR)
    Destination Clock Delay (DCD):    4.248ns
    Source Clock Delay      (SCD):    0.000ns
    Clock Pessimism Removal (CPR):    0.000ns
  Clock Uncertainty:      0.025ns  ((TSJ^2 + TIJ^2)^1/2 + DJ) / 2 + PE
    Total System Jitter     (TSJ):    0.050ns
    Total Input Jitter      (TIJ):    0.000ns
    Discrete Jitter          (DJ):    0.000ns
    Phase Error              (PE):    0.000ns

    Location             Delay type                Incr(ns)  Path(ns)    Netlist Resource(s)
  -------------------------------------------------------------------    -------------------
    P10                                               0.000     0.000 f  RSTN (IN)
                         net (fo=0)                   0.000     0.000    RSTN
    P10                  IBUF (Prop_ibuf_I_O)         1.395     1.395 f  RSTN_IBUF_inst/O
                         net (fo=5, routed)           1.902     3.296    SPI_MOD/RSTN_IBUF
    SLICE_X28Y2          LUT1 (Prop_lut1_I0_O)        0.105     3.401 r  SPI_MOD/FSM_sequential_state[1]_i_1/O
                         net (fo=102, routed)         1.087     4.489    SPI_MOD/SR[0]
    SLICE_X33Y1          FDRE                                         r  SPI_MOD/DFOR_MIDDLEWARE_reg[10]/R
  -------------------------------------------------------------------    -------------------

                         (clock clk_100 rise edge)    0.000     0.000 r  
    H11                                               0.000     0.000 r  CLK_SYS (IN)
                         net (fo=0)                   0.000     0.000    CLK_SYS
    H11                  IBUF (Prop_ibuf_I_O)         1.303     1.303 r  CLK_SYS_IBUF_inst/O
                         net (fo=1, routed)           1.541     2.844    CLK_SYS_IBUF
    BUFGCTRL_X0Y0        BUFG (Prop_bufg_I_O)         0.077     2.921 r  CLK_SYS_IBUF_BUFG_inst/O
                         net (fo=122, routed)         1.327     4.248    SPI_MOD/CLK
    SLICE_X33Y1          FDRE                                         r  SPI_MOD/DFOR_MIDDLEWARE_reg[10]/C

Slack:                    inf
  Source:                 RSTN
                            (input port)
  Destination:            SPI_MOD/DFOR_MIDDLEWARE_reg[11]/R
                            (rising edge-triggered cell FDRE clocked by clk_100  {rise@0.000ns fall@5.000ns period=10.000ns})
  Path Group:             (none)
  Path Type:              Setup (Max at Slow Process Corner)
  Data Path Delay:        4.489ns  (logic 1.500ns (33.411%)  route 2.989ns (66.589%))
  Logic Levels:           2  (IBUF=1 LUT1=1)
  Clock Path Skew:        4.248ns (DCD - SCD + CPR)
    Destination Clock Delay (DCD):    4.248ns
    Source Clock Delay      (SCD):    0.000ns
    Clock Pessimism Removal (CPR):    0.000ns
  Clock Uncertainty:      0.025ns  ((TSJ^2 + TIJ^2)^1/2 + DJ) / 2 + PE
    Total System Jitter     (TSJ):    0.050ns
    Total Input Jitter      (TIJ):    0.000ns
    Discrete Jitter          (DJ):    0.000ns
    Phase Error              (PE):    0.000ns

    Location             Delay type                Incr(ns)  Path(ns)    Netlist Resource(s)
  -------------------------------------------------------------------    -------------------
    P10                                               0.000     0.000 f  RSTN (IN)
                         net (fo=0)                   0.000     0.000    RSTN
    P10                  IBUF (Prop_ibuf_I_O)         1.395     1.395 f  RSTN_IBUF_inst/O
                         net (fo=5, routed)           1.902     3.296    SPI_MOD/RSTN_IBUF
    SLICE_X28Y2          LUT1 (Prop_lut1_I0_O)        0.105     3.401 r  SPI_MOD/FSM_sequential_state[1]_i_1/O
                         net (fo=102, routed)         1.087     4.489    SPI_MOD/SR[0]
    SLICE_X33Y1          FDRE                                         r  SPI_MOD/DFOR_MIDDLEWARE_reg[11]/R
  -------------------------------------------------------------------    -------------------

                         (clock clk_100 rise edge)    0.000     0.000 r  
    H11                                               0.000     0.000 r  CLK_SYS (IN)
                         net (fo=0)                   0.000     0.000    CLK_SYS
    H11                  IBUF (Prop_ibuf_I_O)         1.303     1.303 r  CLK_SYS_IBUF_inst/O
                         net (fo=1, routed)           1.541     2.844    CLK_SYS_IBUF
    BUFGCTRL_X0Y0        BUFG (Prop_bufg_I_O)         0.077     2.921 r  CLK_SYS_IBUF_BUFG_inst/O
                         net (fo=122, routed)         1.327     4.248    SPI_MOD/CLK
    SLICE_X33Y1          FDRE                                         r  SPI_MOD/DFOR_MIDDLEWARE_reg[11]/C





Min Delay Paths
--------------------------------------------------------------------------------------
Slack:                    inf
  Source:                 SPI_SCLK
                            (input port)
  Destination:            SPI_MOD/sclk_buf_reg/D
                            (rising edge-triggered cell FDRE clocked by clk_100  {rise@0.000ns fall@5.000ns period=10.000ns})
  Path Group:             (none)
  Path Type:              Hold (Min at Fast Process Corner)
  Data Path Delay:        0.880ns  (logic 0.221ns (25.074%)  route 0.660ns (74.926%))
  Logic Levels:           1  (IBUF=1)
  Clock Path Skew:        1.916ns (DCD - SCD - CPR)
    Destination Clock Delay (DCD):    1.916ns
    Source Clock Delay      (SCD):    0.000ns
    Clock Pessimism Removal (CPR):    -0.000ns

    Location             Delay type                Incr(ns)  Path(ns)    Netlist Resource(s)
  -------------------------------------------------------------------    -------------------
    N11                                               0.000     0.000 r  SPI_SCLK (IN)
                         net (fo=0)                   0.000     0.000    SPI_SCLK
    N11                  IBUF (Prop_ibuf_I_O)         0.221     0.221 r  SPI_SCLK_IBUF_inst/O
                         net (fo=1, routed)           0.660     0.880    SPI_MOD/SPI_SCLK_IBUF
    SLICE_X22Y3          FDRE                                         r  SPI_MOD/sclk_buf_reg/D
  -------------------------------------------------------------------    -------------------

                         (clock clk_100 rise edge)    0.000     0.000 r  
    H11                                               0.000     0.000 r  CLK_SYS (IN)
                         net (fo=0)                   0.000     0.000    CLK_SYS
    H11                  IBUF (Prop_ibuf_I_O)         0.393     0.393 r  CLK_SYS_IBUF_inst/O
                         net (fo=1, routed)           0.660     1.053    CLK_SYS_IBUF
    BUFGCTRL_X0Y0        BUFG (Prop_bufg_I_O)         0.029     1.082 r  CLK_SYS_IBUF_BUFG_inst/O
                         net (fo=122, routed)         0.834     1.916    SPI_MOD/CLK
    SLICE_X22Y3          FDRE                                         r  SPI_MOD/sclk_buf_reg/C

Slack:                    inf
  Source:                 SPI_MOSI
                            (input port)
  Destination:            SPI_MOD/mosi_buf_reg/D
                            (rising edge-triggered cell FDRE clocked by clk_100  {rise@0.000ns fall@5.000ns period=10.000ns})
  Path Group:             (none)
  Path Type:              Hold (Min at Fast Process Corner)
  Data Path Delay:        0.887ns  (logic 0.227ns (25.629%)  route 0.660ns (74.371%))
  Logic Levels:           1  (IBUF=1)
  Clock Path Skew:        1.917ns (DCD - SCD - CPR)
    Destination Clock Delay (DCD):    1.917ns
    Source Clock Delay      (SCD):    0.000ns
    Clock Pessimism Removal (CPR):    -0.000ns

    Location             Delay type                Incr(ns)  Path(ns)    Netlist Resource(s)
  -------------------------------------------------------------------    -------------------
    P11                                               0.000     0.000 r  SPI_MOSI (IN)
                         net (fo=0)                   0.000     0.000    SPI_MOSI
    P11                  IBUF (Prop_ibuf_I_O)         0.227     0.227 r  SPI_MOSI_IBUF_inst/O
                         net (fo=1, routed)           0.660     0.887    SPI_MOD/SPI_MOSI_IBUF
    SLICE_X22Y1          FDRE                                         r  SPI_MOD/mosi_buf_reg/D
  -------------------------------------------------------------------    -------------------

                         (clock clk_100 rise edge)    0.000     0.000 r  
    H11                                               0.000     0.000 r  CLK_SYS (IN)
                         net (fo=0)                   0.000     0.000    CLK_SYS
    H11                  IBUF (Prop_ibuf_I_O)         0.393     0.393 r  CLK_SYS_IBUF_inst/O
                         net (fo=1, routed)           0.660     1.053    CLK_SYS_IBUF
    BUFGCTRL_X0Y0        BUFG (Prop_bufg_I_O)         0.029     1.082 r  CLK_SYS_IBUF_BUFG_inst/O
                         net (fo=122, routed)         0.835     1.917    SPI_MOD/CLK
    SLICE_X22Y1          FDRE                                         r  SPI_MOD/mosi_buf_reg/C

Slack:                    inf
  Source:                 RSTN
                            (input port)
  Destination:            SPI_MOD/mosi_buf_reg/CE
                            (rising edge-triggered cell FDRE clocked by clk_100  {rise@0.000ns fall@5.000ns period=10.000ns})
  Path Group:             (none)
  Path Type:              Hold (Min at Fast Process Corner)
  Data Path Delay:        0.913ns  (logic 0.232ns (25.389%)  route 0.681ns (74.611%))
  Logic Levels:           1  (IBUF=1)
  Clock Path Skew:        1.917ns (DCD - SCD - CPR)
    Destination Clock Delay (DCD):    1.917ns
    Source Clock Delay      (SCD):    0.000ns
    Clock Pessimism Removal (CPR):    -0.000ns

    Location             Delay type                Incr(ns)  Path(ns)    Netlist Resource(s)
  -------------------------------------------------------------------    -------------------
    P10                                               0.000     0.000 r  RSTN (IN)
                         net (fo=0)                   0.000     0.000    RSTN
    P10                  IBUF (Prop_ibuf_I_O)         0.232     0.232 r  RSTN_IBUF_inst/O
                         net (fo=5, routed)           0.681     0.913    SPI_MOD/RSTN_IBUF
    SLICE_X22Y1          FDRE                                         r  SPI_MOD/mosi_buf_reg/CE
  -------------------------------------------------------------------    -------------------

                         (clock clk_100 rise edge)    0.000     0.000 r  
    H11                                               0.000     0.000 r  CLK_SYS (IN)
                         net (fo=0)                   0.000     0.000    CLK_SYS
    H11                  IBUF (Prop_ibuf_I_O)         0.393     0.393 r  CLK_SYS_IBUF_inst/O
                         net (fo=1, routed)           0.660     1.053    CLK_SYS_IBUF
    BUFGCTRL_X0Y0        BUFG (Prop_bufg_I_O)         0.029     1.082 r  CLK_SYS_IBUF_BUFG_inst/O
                         net (fo=122, routed)         0.835     1.917    SPI_MOD/CLK
    SLICE_X22Y1          FDRE                                         r  SPI_MOD/mosi_buf_reg/C

Slack:                    inf
  Source:                 RSTN
                            (input port)
  Destination:            SPI_MOD/sclk_buf_reg/CE
                            (rising edge-triggered cell FDRE clocked by clk_100  {rise@0.000ns fall@5.000ns period=10.000ns})
  Path Group:             (none)
  Path Type:              Hold (Min at Fast Process Corner)
  Data Path Delay:        1.030ns  (logic 0.232ns (22.490%)  route 0.799ns (77.510%))
  Logic Levels:           1  (IBUF=1)
  Clock Path Skew:        1.916ns (DCD - SCD - CPR)
    Destination Clock Delay (DCD):    1.916ns
    Source Clock Delay      (SCD):    0.000ns
    Clock Pessimism Removal (CPR):    -0.000ns

    Location             Delay type                Incr(ns)  Path(ns)    Netlist Resource(s)
  -------------------------------------------------------------------    -------------------
    P10                                               0.000     0.000 r  RSTN (IN)
                         net (fo=0)                   0.000     0.000    RSTN
    P10                  IBUF (Prop_ibuf_I_O)         0.232     0.232 r  RSTN_IBUF_inst/O
                         net (fo=5, routed)           0.799     1.030    SPI_MOD/RSTN_IBUF
    SLICE_X22Y3          FDRE                                         r  SPI_MOD/sclk_buf_reg/CE
  -------------------------------------------------------------------    -------------------

                         (clock clk_100 rise edge)    0.000     0.000 r  
    H11                                               0.000     0.000 r  CLK_SYS (IN)
                         net (fo=0)                   0.000     0.000    CLK_SYS
    H11                  IBUF (Prop_ibuf_I_O)         0.393     0.393 r  CLK_SYS_IBUF_inst/O
                         net (fo=1, routed)           0.660     1.053    CLK_SYS_IBUF
    BUFGCTRL_X0Y0        BUFG (Prop_bufg_I_O)         0.029     1.082 r  CLK_SYS_IBUF_BUFG_inst/O
                         net (fo=122, routed)         0.834     1.916    SPI_MOD/CLK
    SLICE_X22Y3          FDRE                                         r  SPI_MOD/sclk_buf_reg/C

Slack:                    inf
  Source:                 SPI_CSN
                            (input port)
  Destination:            SPI_MOD/FSM_sequential_state_reg[0]/D
                            (rising edge-triggered cell FDRE clocked by clk_100  {rise@0.000ns fall@5.000ns period=10.000ns})
  Path Group:             (none)
  Path Type:              Hold (Min at Fast Process Corner)
  Data Path Delay:        1.318ns  (logic 0.303ns (23.028%)  route 1.014ns (76.972%))
  Logic Levels:           2  (IBUF=1 LUT5=1)
  Clock Path Skew:        1.916ns (DCD - SCD - CPR)
    Destination Clock Delay (DCD):    1.916ns
    Source Clock Delay      (SCD):    0.000ns
    Clock Pessimism Removal (CPR):    -0.000ns

    Location             Delay type                Incr(ns)  Path(ns)    Netlist Resource(s)
  -------------------------------------------------------------------    -------------------
    P12                                               0.000     0.000 r  SPI_CSN (IN)
                         net (fo=0)                   0.000     0.000    SPI_CSN
    P12                  IBUF (Prop_ibuf_I_O)         0.258     0.258 r  SPI_CSN_IBUF_inst/O
                         net (fo=7, routed)           1.014     1.273    SPI_MOD/SPI_MISO_TRI
    SLICE_X27Y3          LUT5 (Prop_lut5_I4_O)        0.045     1.318 r  SPI_MOD/FSM_sequential_state[0]_i_1/O
                         net (fo=1, routed)           0.000     1.318    SPI_MOD/state__0[0]
    SLICE_X27Y3          FDRE                                         r  SPI_MOD/FSM_sequential_state_reg[0]/D
  -------------------------------------------------------------------    -------------------

                         (clock clk_100 rise edge)    0.000     0.000 r  
    H11                                               0.000     0.000 r  CLK_SYS (IN)
                         net (fo=0)                   0.000     0.000    CLK_SYS
    H11                  IBUF (Prop_ibuf_I_O)         0.393     0.393 r  CLK_SYS_IBUF_inst/O
                         net (fo=1, routed)           0.660     1.053    CLK_SYS_IBUF
    BUFGCTRL_X0Y0        BUFG (Prop_bufg_I_O)         0.029     1.082 r  CLK_SYS_IBUF_BUFG_inst/O
                         net (fo=122, routed)         0.834     1.916    SPI_MOD/CLK
    SLICE_X27Y3          FDRE                                         r  SPI_MOD/FSM_sequential_state_reg[0]/C

Slack:                    inf
  Source:                 SPI_CSN
                            (input port)
  Destination:            SPI_MOD/miso_bit_reg/D
                            (rising edge-triggered cell FDRE clocked by clk_100  {rise@0.000ns fall@5.000ns period=10.000ns})
  Path Group:             (none)
  Path Type:              Hold (Min at Fast Process Corner)
  Data Path Delay:        1.341ns  (logic 0.303ns (22.633%)  route 1.037ns (77.367%))
  Logic Levels:           2  (IBUF=1 LUT6=1)
  Clock Path Skew:        1.916ns (DCD - SCD - CPR)
    Destination Clock Delay (DCD):    1.916ns
    Source Clock Delay      (SCD):    0.000ns
    Clock Pessimism Removal (CPR):    -0.000ns

    Location             Delay type                Incr(ns)  Path(ns)    Netlist Resource(s)
  -------------------------------------------------------------------    -------------------
    P12                                               0.000     0.000 f  SPI_CSN (IN)
                         net (fo=0)                   0.000     0.000    SPI_CSN
    P12                  IBUF (Prop_ibuf_I_O)         0.258     0.258 f  SPI_CSN_IBUF_inst/O
                         net (fo=7, routed)           1.037     1.296    SPI_MOD/SPI_MISO_TRI
    SLICE_X27Y3          LUT6 (Prop_lut6_I3_O)        0.045     1.341 r  SPI_MOD/miso_bit_i_1/O
                         net (fo=1, routed)           0.000     1.341    SPI_MOD/miso_bit_i_1_n_0
    SLICE_X27Y3          FDRE                                         r  SPI_MOD/miso_bit_reg/D
  -------------------------------------------------------------------    -------------------

                         (clock clk_100 rise edge)    0.000     0.000 r  
    H11                                               0.000     0.000 r  CLK_SYS (IN)
                         net (fo=0)                   0.000     0.000    CLK_SYS
    H11                  IBUF (Prop_ibuf_I_O)         0.393     0.393 r  CLK_SYS_IBUF_inst/O
                         net (fo=1, routed)           0.660     1.053    CLK_SYS_IBUF
    BUFGCTRL_X0Y0        BUFG (Prop_bufg_I_O)         0.029     1.082 r  CLK_SYS_IBUF_BUFG_inst/O
                         net (fo=122, routed)         0.834     1.916    SPI_MOD/CLK
    SLICE_X27Y3          FDRE                                         r  SPI_MOD/miso_bit_reg/C

Slack:                    inf
  Source:                 RSTN
                            (input port)
  Destination:            MIDDLEWARE/DUT_SEL_reg[0]/R
                            (rising edge-triggered cell FDRE clocked by clk_100  {rise@0.000ns fall@5.000ns period=10.000ns})
  Path Group:             (none)
  Path Type:              Hold (Min at Fast Process Corner)
  Data Path Delay:        1.409ns  (logic 0.277ns (19.643%)  route 1.132ns (80.357%))
  Logic Levels:           2  (IBUF=1 LUT1=1)
  Clock Path Skew:        1.917ns (DCD - SCD - CPR)
    Destination Clock Delay (DCD):    1.917ns
    Source Clock Delay      (SCD):    0.000ns
    Clock Pessimism Removal (CPR):    -0.000ns

    Location             Delay type                Incr(ns)  Path(ns)    Netlist Resource(s)
  -------------------------------------------------------------------    -------------------
    P10                                               0.000     0.000 f  RSTN (IN)
                         net (fo=0)                   0.000     0.000    RSTN
    P10                  IBUF (Prop_ibuf_I_O)         0.232     0.232 f  RSTN_IBUF_inst/O
                         net (fo=5, routed)           0.953     1.184    SPI_MOD/RSTN_IBUF
    SLICE_X28Y2          LUT1 (Prop_lut1_I0_O)        0.045     1.229 r  SPI_MOD/FSM_sequential_state[1]_i_1/O
                         net (fo=102, routed)         0.179     1.409    MIDDLEWARE/SR[0]
    SLICE_X28Y3          FDRE                                         r  MIDDLEWARE/DUT_SEL_reg[0]/R
  -------------------------------------------------------------------    -------------------

                         (clock clk_100 rise edge)    0.000     0.000 r  
    H11                                               0.000     0.000 r  CLK_SYS (IN)
                         net (fo=0)                   0.000     0.000    CLK_SYS
    H11                  IBUF (Prop_ibuf_I_O)         0.393     0.393 r  CLK_SYS_IBUF_inst/O
                         net (fo=1, routed)           0.660     1.053    CLK_SYS_IBUF
    BUFGCTRL_X0Y0        BUFG (Prop_bufg_I_O)         0.029     1.082 r  CLK_SYS_IBUF_BUFG_inst/O
                         net (fo=122, routed)         0.835     1.917    MIDDLEWARE/CLK
    SLICE_X28Y3          FDRE                                         r  MIDDLEWARE/DUT_SEL_reg[0]/C

Slack:                    inf
  Source:                 RSTN
                            (input port)
  Destination:            MIDDLEWARE/DUT_SEL_reg[1]/R
                            (rising edge-triggered cell FDRE clocked by clk_100  {rise@0.000ns fall@5.000ns period=10.000ns})
  Path Group:             (none)
  Path Type:              Hold (Min at Fast Process Corner)
  Data Path Delay:        1.409ns  (logic 0.277ns (19.643%)  route 1.132ns (80.357%))
  Logic Levels:           2  (IBUF=1 LUT1=1)
  Clock Path Skew:        1.917ns (DCD - SCD - CPR)
    Destination Clock Delay (DCD):    1.917ns
    Source Clock Delay      (SCD):    0.000ns
    Clock Pessimism Removal (CPR):    -0.000ns

    Location             Delay type                Incr(ns)  Path(ns)    Netlist Resource(s)
  -------------------------------------------------------------------    -------------------
    P10                                               0.000     0.000 f  RSTN (IN)
                         net (fo=0)                   0.000     0.000    RSTN
    P10                  IBUF (Prop_ibuf_I_O)         0.232     0.232 f  RSTN_IBUF_inst/O
                         net (fo=5, routed)           0.953     1.184    SPI_MOD/RSTN_IBUF
    SLICE_X28Y2          LUT1 (Prop_lut1_I0_O)        0.045     1.229 r  SPI_MOD/FSM_sequential_state[1]_i_1/O
                         net (fo=102, routed)         0.179     1.409    MIDDLEWARE/SR[0]
    SLICE_X28Y3          FDRE                                         r  MIDDLEWARE/DUT_SEL_reg[1]/R
  -------------------------------------------------------------------    -------------------

                         (clock clk_100 rise edge)    0.000     0.000 r  
    H11                                               0.000     0.000 r  CLK_SYS (IN)
                         net (fo=0)                   0.000     0.000    CLK_SYS
    H11                  IBUF (Prop_ibuf_I_O)         0.393     0.393 r  CLK_SYS_IBUF_inst/O
                         net (fo=1, routed)           0.660     1.053    CLK_SYS_IBUF
    BUFGCTRL_X0Y0        BUFG (Prop_bufg_I_O)         0.029     1.082 r  CLK_SYS_IBUF_BUFG_inst/O
                         net (fo=122, routed)         0.835     1.917    MIDDLEWARE/CLK
    SLICE_X28Y3          FDRE                                         r  MIDDLEWARE/DUT_SEL_reg[1]/C

Slack:                    inf
  Source:                 RSTN
                            (input port)
  Destination:            MIDDLEWARE/LED_CONTROL_reg/S
                            (rising edge-triggered cell FDSE clocked by clk_100  {rise@0.000ns fall@5.000ns period=10.000ns})
  Path Group:             (none)
  Path Type:              Hold (Min at Fast Process Corner)
  Data Path Delay:        1.409ns  (logic 0.277ns (19.643%)  route 1.132ns (80.357%))
  Logic Levels:           2  (IBUF=1 LUT1=1)
  Clock Path Skew:        1.917ns (DCD - SCD - CPR)
    Destination Clock Delay (DCD):    1.917ns
    Source Clock Delay      (SCD):    0.000ns
    Clock Pessimism Removal (CPR):    -0.000ns

    Location             Delay type                Incr(ns)  Path(ns)    Netlist Resource(s)
  -------------------------------------------------------------------    -------------------
    P10                                               0.000     0.000 f  RSTN (IN)
                         net (fo=0)                   0.000     0.000    RSTN
    P10                  IBUF (Prop_ibuf_I_O)         0.232     0.232 f  RSTN_IBUF_inst/O
                         net (fo=5, routed)           0.953     1.184    SPI_MOD/RSTN_IBUF
    SLICE_X28Y2          LUT1 (Prop_lut1_I0_O)        0.045     1.229 r  SPI_MOD/FSM_sequential_state[1]_i_1/O
                         net (fo=102, routed)         0.179     1.409    MIDDLEWARE/SR[0]
    SLICE_X28Y3          FDSE                                         r  MIDDLEWARE/LED_CONTROL_reg/S
  -------------------------------------------------------------------    -------------------

                         (clock clk_100 rise edge)    0.000     0.000 r  
    H11                                               0.000     0.000 r  CLK_SYS (IN)
                         net (fo=0)                   0.000     0.000    CLK_SYS
    H11                  IBUF (Prop_ibuf_I_O)         0.393     0.393 r  CLK_SYS_IBUF_inst/O
                         net (fo=1, routed)           0.660     1.053    CLK_SYS_IBUF
    BUFGCTRL_X0Y0        BUFG (Prop_bufg_I_O)         0.029     1.082 r  CLK_SYS_IBUF_BUFG_inst/O
                         net (fo=122, routed)         0.835     1.917    MIDDLEWARE/CLK
    SLICE_X28Y3          FDSE                                         r  MIDDLEWARE/LED_CONTROL_reg/C

Slack:                    inf
  Source:                 RSTN
                            (input port)
  Destination:            MIDDLEWARE/shift_drdy_reg[0]/S
                            (rising edge-triggered cell FDSE clocked by clk_100  {rise@0.000ns fall@5.000ns period=10.000ns})
  Path Group:             (none)
  Path Type:              Hold (Min at Fast Process Corner)
  Data Path Delay:        1.409ns  (logic 0.277ns (19.643%)  route 1.132ns (80.357%))
  Logic Levels:           2  (IBUF=1 LUT1=1)
  Clock Path Skew:        1.917ns (DCD - SCD - CPR)
    Destination Clock Delay (DCD):    1.917ns
    Source Clock Delay      (SCD):    0.000ns
    Clock Pessimism Removal (CPR):    -0.000ns

    Location             Delay type                Incr(ns)  Path(ns)    Netlist Resource(s)
  -------------------------------------------------------------------    -------------------
    P10                                               0.000     0.000 f  RSTN (IN)
                         net (fo=0)                   0.000     0.000    RSTN
    P10                  IBUF (Prop_ibuf_I_O)         0.232     0.232 f  RSTN_IBUF_inst/O
                         net (fo=5, routed)           0.953     1.184    SPI_MOD/RSTN_IBUF
    SLICE_X28Y2          LUT1 (Prop_lut1_I0_O)        0.045     1.229 r  SPI_MOD/FSM_sequential_state[1]_i_1/O
                         net (fo=102, routed)         0.179     1.409    MIDDLEWARE/SR[0]
    SLICE_X28Y3          FDSE                                         r  MIDDLEWARE/shift_drdy_reg[0]/S
  -------------------------------------------------------------------    -------------------

                         (clock clk_100 rise edge)    0.000     0.000 r  
    H11                                               0.000     0.000 r  CLK_SYS (IN)
                         net (fo=0)                   0.000     0.000    CLK_SYS
    H11                  IBUF (Prop_ibuf_I_O)         0.393     0.393 r  CLK_SYS_IBUF_inst/O
                         net (fo=1, routed)           0.660     1.053    CLK_SYS_IBUF
    BUFGCTRL_X0Y0        BUFG (Prop_bufg_I_O)         0.029     1.082 r  CLK_SYS_IBUF_BUFG_inst/O
                         net (fo=122, routed)         0.835     1.917    MIDDLEWARE/CLK
    SLICE_X28Y3          FDSE                                         r  MIDDLEWARE/shift_drdy_reg[0]/C





